start	end	text
0	18960	O texto está aí no WhatsApp, no nosso grupo, 1º Samuel 17, de 49 a 51.
18960	36160	Tirando uma pedra do alforje, arremessoa-a com a funda e atingiu o filisteu na testa de tal modo
36160	45600	que ela ficou encravada e ele caiu, dando com o rosto no chão. Assim Davi venceu o filisteu
45600	53600	na funda e uma pedra, sem espada na mão, derrubou o filisteu e o matou. Davi correu,
53600	60800	pôs os pés sobre ele e, desembainhando a espada do filisteu, acabou de matá-lo,
60800	69720	cortando-lhe a cabeça com ela. Quando os filisteus viram que o seu guerreiro estava morto, recuaram e
69720	94440	viram. Quando eu pensei nesse texto, eu pensei que o modo ordinário e o modo extraordinário andam
95320	108320	de mãos dadas. Quando eu olho para o texto, eu vejo o modo ordinário em operação. O que é a coisa
108320	122720	ordinária? A coisa ordinária é a coisa do normal da vida, da natureza da vida. É o modo operante das coisas serem.
122720	131920	Você pega no texto e vê o próprio Davi como sendo um elemento, uma pessoa, um elemento que eu digo do
131920	140360	modo ordinário. Davi é um dos elementos do modo ordinário. Davi, que na época era um adolescente,
140360	151680	menino baixinho, franquinho, que nunca recebeu nenhum treinamento para ser guerreiro, era pastor de ovelha.
151680	161480	Aí, outro elemento ordinário, as pedrinhas que ele pegou lá no ribeiro, lá no riacho, escolheu lá
161480	172680	algumas pedrinhas, colocou na bolsinha dele, levou uma funda. Coisas ordinárias, coisas ordinárias,
173160	182840	coisas que Davi estava acostumado a lidar com elas. Ele provavelmente, na técnica de utilização da funda,
182840	192680	ele sabia que tipo de pedra era melhor para um tiro mais certeiro. Ou seja, uma técnica, uma habilidade,
192680	205000	tudo isso faz parte do que? Do modo ordinário das coisas. Aí, pensando também no lado de Goliath,
205000	211920	também tem um modo ordinário. Como vocês sabem, Goliath era um guerreiro treinado desde a juventude,
211920	221680	altamente armado, com capacete, com uma poraça, com uma espada, com uma lança, com um escudo,
222080	230080	coisas ordinárias que todo mundo conhecia na época. Tanto que tentaram até fazer com Davi que ele fosse
230080	238760	para essa briga, parlamentado, né? Tentaram pular uma armadura nele, não dá não. Então, no modo ordinário das
238760	246960	coisas serem, existem os seus elementos, os elementos ordinários que compõem o modo operante e ordinário
246960	260640	da vida que está acontecendo. Só que aí você percebe que no ordinário, o extraordinário de Deus
260640	272320	acontece. A pedra, que é um dos elementos ordinários, é extraordinariamente o instrumento que Deus usa
272320	279520	para derrubar aquele gigante. Porque eu particularmente não acredito que uma pedrada ele encrava na
279520	286280	testa daquele cara só com a força do braço de Davi. Ainda que ele tivesse uma técnica muito apurada e o tiro
286280	294760	com uma funda, com pedra, fosse uma coisa violenta, mas o texto diz que a pedra encrava na testa,
294760	310320	bate e quica e sai voando, ela encrava na testa dele. Imagine a força que foi aquilo. Lembro, anos atrás, o pastor lá da oitava de Belo
310520	312320	Onde fugiu agora o nome dele?
312320	317320	Lutagléu ou Ludgero?
317320	327320	Não, Ludgero era da primeira, né? Da oitava lá, o Jeremias, Jeremias Pereira. Uma vez passou Jeremias pregando nesse texto,
327320	336320	ele fala que um anjo saiu galopando em cima daquela pedra. A hora que Davi atirou a pedra, um anjo estava galopando em cima dela.
336320	351320	É a forma de dizer assim, Deus extraordinariamente potencializou aquele tiro. Continuou sendo a funda, continuou sendo o Davi que atirou, continuou sendo a pedra que ele escolheu.
351320	361320	Deus se utilizou da técnica, Deus se utilizou do conhecimento dele de atirar. Eu nem sei o que é uma funda. Se colocasse uma funda aqui, provavelmente eu nem sabia como que pega naquilo.
361320	373320	Então tem uma técnica, tem um conhecimento. E aí eu vejo que é em início nas coisas ordinárias que Deus age extraordinariamente.
373320	382320	Nas coisas ordinárias Deus age extraordinariamente. A pedra encrava na testa dele, ele cai de cara no chão, né?
382320	394320	Ele não cai pra trás não, ele cai de cara no chão. Praticamente morto. E o texto diz que Davi vem e termina de matar o gigante com a própria espada dele.
394320	409320	Desembanha a espada e descepa a cabeça do gigante. E aí quando a confiança está nos recursos humanos, faz como os filisteus, né?
409320	423320	O texto diz que quando eles viram que Bolias caiu, eles recuaram. Por quê? Porque a confiança deles estava no gigante, no campeão deles.
423320	432320	Quando eles viram o campeão deles tombar, o texto diz que eles recuaram. Mas o fato é que Deus age extraordinariamente nas coisas ordinárias.
432320	446320	E aí eu quero fazer uma aplicação pro que vai acontecer na próxima semana. E claro, essa aplicação serve pra tantas coisas na nossa vida, mas eu quero me referir à evangelização.
446320	458320	Quando eu estava pensando nesse texto, a gente sabe que Deus não precisa de nada, de ninguém, não precisa da igreja.
458320	465320	Quando eu ainda era seminarista e participei de um congresso, um pastor falou que Deus precisa da igreja pra evangelizar o mundo.
465320	474320	Tá de brincadeira. Deus não precisa de nada e nem de ninguém. Ele não precisa da igreja pra evangelizar o mundo.
474320	483320	Ele não precisa de ninguém pra fazer a obra que é dele. A obra nem é da igreja. A obra é dele. A obra de evangelizar o mundo é dele.
483320	492320	Ele não precisa de ninguém pra fazer isso, mas Deus resolveu de modo ordinário usar nossa vida.
492320	508320	E aí no que diz respeito à evangelização, a atirar pedra, sabia? Eu penso nessa pedra, Bruno, como a palavra que nós proclamamos.
509320	525320	E que não vai atingir o coração. A palavra que nós proclamamos, se não for o Espírito Santo extraordinariamente, porque, gente, falar é algo ordinário, não é?
525320	540320	Faz parte da vida. Todo dia a gente fala, dizem que o homem fala cerca de 4 mil palavras por dia. A mulher fala mais de 6 mil, mas o homem fala de 4 mil palavras por dia.
541320	557320	Por quê? Porque falar faz parte do ordinário da nossa vida. E Deus vai usar isso, a minha boca, a sua boca. Deus vai usar o que há de conhecimento dentro da nossa cabeça.
557320	575320	E aí quando a gente atirar o Evangelho, que não vai ser no nosso poder, por isso não adianta, eu estava conversando com o Ricardo aqui pouco antes de vocês chegarem, a gente falando que é bom, que é importante, o conhecimento.
575320	593320	Mas quando o conhecimento vira um fim em si mesmo, só o conhecimento, aí a gente cai no erro do legalismo, a gente cai no erro de achar que é pela nossa força, pela nossa técnica, pela nossa capacidade.
593320	618320	É claro que nos capacitarmos é necessário. O modo ordinário precisa ser o melhor possível, mas nunca confiando no Golias e no tamanho dele. Ou seja, o recurso humano é confiar que a palavra que nós lançamos pode ser uma pedra lançada que vai direto no coração dos ouvintes.
618320	635320	Dos ouvintes. Agora, é nós que levamos essa palavra ao coração? Não. Não somos nós que levamos a palavra ao coração, é o Espírito Santo. Nós levamos aos ouvintes. Quem vai enxergar o coração é o Senhor.
635320	655320	Porque quem gera fé, quem gera fé salvadora é o Espírito Santo. Quem gera fé salvadora é o Espírito Santo. Alguém pode até dizer assim, ah, quando eu aceitei Jesus. Beleza.
655320	669320	Mas esse alguém só aceitou porque quem convenceu foi o Espírito Santo. Quem o atingiu foi o Espírito Santo. Quem gerou a fé salvadora para ele poder responder, quer dizer, eu aceitei, foi só uma resposta.
669320	692320	Que o ato transformador no coração foi do Espírito Santo. Então, meus amigos, evangelizar é atirar pedras, Ricardo. Evangelizar é atirar pedras. Nós fazemos isso de modo ordinário, mas totalmente dependendo do extraordinário de Deus.
692320	704320	Porque a convenção é um ato completamente extraordinário. Os discípulos perguntaram para Jesus, quem é que pode ser salvo? Jesus disse, Senhor, o que é impossível para o homem?
704320	723320	Porque ele está falando de salvação. O que é impossível para o homem é possível para Deus. O que é impossível para o homem é possível para Deus. Mas nós precisamos atirar pedras, Fernando. E pedras é a palavra do Evangelho.
723320	748320	Eu quero pedir que o Fernando faça uma oração, Fernando, pedindo ao Espírito Santo que movimente o coração do nosso povo a convidar pessoas não crentes. Esse vai ser seu pedido de oração.
748320	762320	O nosso povo ter motivação para chamar pessoas, que é o modo ordinário. Convidar pessoas não é extraordinário. Convidar pessoas, Deus está esperando que façamos isso.
762320	782320	Porque não vai descer um anjo do céu e chamar o não crente, apesar de que Deus pode fazer isso. Chegar no Nangó, vai lá na casa do pastor André, quinta-feira, dia 25, viu? Eu quero que você vá lá. Deus não vai fazer isso. É o modo ordinário. Deus trabalha no ordinário. E o ordinário quem faz somos nós.
782320	801320	E eu vou te falar, pastor, isso é algo que me deixa intrigado porque eu olho, olha aqui, olha o tanto de cadeira que tem aqui e o tanto de membros que a gente tem na igreja.
801320	822320	Tipo assim, isso me incomoda demais, demais. Por exemplo, nós estamos em 2026, meio do ano, exatamente, aí eu vou falar de mim. Quem que eu trouxe para a igreja esse ano? Porque eu me colo em relação a isso aí.
822320	841320	Porque todo ano eu falo para mim mesmo em oração, esse ano eu vou fazer pelo menos uma pessoa virar membro da nova vida. Você para para pensar, parece que é fácil, e eu acho que é fácil, mas eu não estou cumprindo.
841320	853320	E assim como eu, eu percebo que a igreja toda está precisando de fazer esse exercício aqui que o Fernando vai orar agora.
853320	864320	É porque nós precisamos ser intencionais, Bruno, apesar de que o resultado não pertence a nós. O resultado pertence ao Senhor. Então nesse sentido eu quero te tranquilizar.
864320	884320	O resultado não depende de você, não depende de mim, mas compete a nós o exercício, o exercício intencional ordinário de fazer, de convidar, de se aproximar dos não-crentes, de fazer amizade com eles.
884320	892320	Porque ainda que você não convide para vir para a igreja, mas se você tiver um relacionamento com um não-crente, Deus pode te dar a oportunidade de você anunciar o Evangelho para ele.
892320	902320	E às vezes ele nem vai vir para a nova vida, às vezes ele vai se converter e vai para outra igreja. Então assim, não se preocupe em trazer pessoas para a nova vida.
902320	917320	Não se preocupe em anunciar o Evangelho, porque no anúncio do Evangelho o Senhor pode transformar a vida dessa pessoa e quem sabe ele pode até vir para a nova vida, mas às vezes ele vai para outra igreja.
917320	935320	Agora claro, como igreja nós precisamos ter meios e estratégias para que nós recebamos pessoas e nós vamos alcançar esse modo de fase.
935320	947320	Vai dar certo, vai dar certo. Tenha fé, tenha fé, vai dar certo. Então o Fernando vai orar pedindo a Deus que o povo se envolva de forma intencional e convidar pessoas.
947320	957320	Agora isso é um trabalho que exige oração, cara, porque se a gente não orar não acontece nada. O que a gente faz é na dependência de Deus.
957320	983320	O Ricardo, pedi a Ricardo que você ore para que no dia o Evangelho impacte corações, que o Evangelho, ainda que a gente não veja, porque isso pode ser um impacto que vai estar acontecendo na pessoa e ela não está esboçando nada e está acontecendo.
983320	985320	Às vezes a gente pensa que não aconteceu nada.
985320	991320	Aí acabou o evento, aí quando da outra semana a pessoa se converte em outra igreja.
991320	998320	Se converte em outra igreja, pode acontecer e a gente não vai nem ficar sabendo. E a gente não vai ficar nem sabendo.
998320	1008320	Mas assim, que o Senhor no dia impacte corações, que corações sejam alcançadas por aquilo que vai ser feito ali em si.
1008320	1023320	Vai ser contado um testemunho bem ao modelo de Paulo lá em Atos, quando Paulo fala da vida dele antes de ter esse encontro com Jesus, como foi o encontro dele com Cristo e como passou a ser a vida dele.
1023320	1038320	E isso vai ser feito aqui no dia. Um testemunho de fé de como foi a experiência de conversão de uma pessoa e isso Deus pode usar no dia.
1038320	1054320	Então, sua nossa oração com você é que o Senhor alcança orações, que vidas sejam impactadas pelo Evangelho, que é o poder de Deus para a salvação de todos que creem.
1054320	1068320	E, Brunão, você vai orar, meu irmão. Você vai orar, meu irmão.
1068320	1078320	Eu confesso que só agora que eu estou pensando no que pedir para você orar.
1078320	1088320	Não, por enquanto é isso. Fernando, Ricardo.
1088320	1108320	Deus, nós nos cortamos na tua presença e no amem de o Pai, pedindo que o Senhor tenhamos ele guardando nossas vidas e que o Senhor seja conosco, Pai, na nossa caminhada, na nossa vida, no nosso cotidiano.
1108320	1118320	Deus, nós pedimos que o Senhor venha, o Pai está movendo o coração da tua igreja para que possa o Pai trabalhar na tua obra.
1118320	1128320	Nessa obra em específico, o Pai convidando pessoas que precisam, o Pai, ouvir a tua palavra, que precisam ser tocadas por Ti.
1128320	1136320	Mas que o principal, Pai, é despertar a sua igreja para a obra do Senhor, para a seara do Senhor.
1136320	1148320	Nós pedimos, Pai, que o Senhor esteja movendo os corações para esse evento, para que o seu Evangelho seja pregado através de nós.
1148320	1168320	Nós pedimos que o Senhor tenha misericórdia e que esse trabalho seja futífero para que o Senhor possa estar aquecendo corações das pessoas da igreja, Pai, da sua casa, a partir deste evento.
1168320	1176320	Que esse evento seja bem esse mundo só para quem venha visitar, mas também para a sua igreja. Eu te peço em nome de Jesus.
1177320	1193320	Deus pedido, Deus Todo-Poderoso, abençoe também, Pai querido, para que cada um dos visitantes que vieram, Deus amado, cada uma das pessoas que o teu Espírito Santo trouxer, Deus amado, para o evento do Dia do Milhão, Pai querido,
1193320	1207320	que cada pessoa, Deus amado, seja tocado, impactado, Deus amado, pelo teu Espírito Santo, que em nome de Jesus Cristo, Deus amado, movendo o teu Espírito Santo, Deus amado, para a restauração dessa vida, Deus Todo-Poderoso,
1207320	1226320	seja, Deus amado, grande moça, Pai querido, que em nome de Jesus, Pai Todo-Poderoso, o teu Espírito Santo, Deus amado, toque, Deus amado, transforme, Deus amado, cure o Deus, liberte cada um dos nossos visitantes, Deus amado,
1226320	1243320	que, Deus amado, que tiver o Deus amado, sentado pelo teu Espírito Santo, que em nome de Jesus Cristo, Deus amado, esse evento, Pai, seja uma festa espiritual, Pai querido, onde o meu Ovelho, teu Espírito, Deus amado, esteja presente no nosso meio,
1243320	1247320	Deus impacte, Deus amado, a cada uma das pessoas que estiverem aqui.
1247320	1252320	Ó Deus Santo, Deus Todo-Poderoso, e que teu Espírito Santo, ó Deus amado,
1252320	1258320	coloque também o desejo para que essas vidas permaneçam aqui, ó Pai querido.
1258320	1262320	Que em nome de Jesus Cristo, ó Pai amado, a tua obra cresça, ó Deus amado,
1262320	1265320	juntamente com a tua casa, ó Pai querido.
1265320	1269320	Que em nome de Jesus Cristo, ó Deus amado, nós venhamos, ó Deus Todo-Poderoso,
1269320	1274320	a crescer em volume, ó Deus amado, em santidade, ó Pai querido,
1274320	1277320	e crescer em comunhão na tua presença, ó Pai,
1277320	1281320	para o único glória do teu nome, ó Pai bendito, em nome de Jesus.
1281320	1282320	Amém.
1282320	1283320	Amém.
1283320	1289320	Brunão, só hora pela nossa reunião, para que Deus abençoe nossa reunião,
1289320	1293320	as coisas que nós vamos tratar aqui, tá?
1293320	1294320	Sim.
1295320	1301320	Senhor Deus, pedindo uma gração ao Senhor, pedindo que o Senhor abençoe e conduza essa reunião
1301320	1309320	da melhor forma possível, tendo em vista que iremos tratar de assuntos pertinentes à tua obra,
1309320	1315320	em que possamos a Deus, através de um bate-papo saudável,
1315320	1323320	extrair o máximo possível e organizar tudo aquilo que é necessário,
1323320	1327320	que venha a ser organizado, venha a ser tratado, conduzido,
1327320	1330320	estrategicamente, debaixo da tua palavra.
1330320	1332320	Assim nós oramos e agradecemos a Deus.
1332320	1333320	Em nome de Jesus, amém.
1333320	1334320	Amém.
1334320	1335320	Amém.
1339320	1341320	Ricardo, tem que...
1341320	1343320	Tem que acompanhar a nata.
1344320	1347320	A leitura da Ada, 34.
1350320	1352320	Como é que eu sou vomitado?
1353320	1355320	Como é que a mesa é...
1355320	1356320	Estagiária.
1356320	1357320	Estagiária.
1359320	1361320	Veja que eu estou chusado.
1361320	1364320	Igual o Zona, o Domingo Passado, o Fernando.
1364320	1369320	Fernando, domingo de manhã, passado, o homem deu o show.
1369320	1370320	Sério?
1371320	1372320	Fala aí, André.
1372320	1373320	Fala aí, fala nisso.
1373320	1376320	Eu trouxe a clava do show.
1376320	1378320	O pastor vai passar para você hoje.
1381320	1382320	O livro?
1383320	1385320	A clava do show, olha.
1385320	1387320	Ele vai passar para você hoje.
1387320	1388320	Boa vez.
1388320	1389320	Boa vez.
1390320	1392320	Agora eu tenho uma ficha.
1398320	1404320	Ata número 34 da reunião do Conselho da Igreja Presenteriana Nova Vida
1404320	1412320	aos 8 dias do mês de abril do ano de 2026 às 20 horas nas dependências da residência
1412320	1416320	situada na quenha 8, casa 13, Itaguatinha Norte, Distrito Federal.
1417320	1422320	Reuniu-se o Conselho da Igreja Presenteriana Nova Vida
1422320	1427320	sob a presidência do reverendo André Vieira Campos Moraes.
1429320	1430320	Moraes.
1431320	1433320	Estiveram presentes os seguintes conciliares.
1433320	1439320	Reverendo André Vieira Campos Moraes, presbítero Bruno Santos Espíndola,
1439320	1445320	presbítero Fernando Aguiar Meirelles, presbítero Ricardo Brito do Nascimento.
1445320	1447320	Aberta a reunião.
1447320	1451320	O presidente conduziu o breve exercício devotional
1452320	1457320	procedendo à leitura e meditação da palavra de Deus na passagem de João 21,
1458320	1465320	versículos 15 a 17, procedendo à leitura e meditação da palavra de Deus na passagem de...
1466320	1468320	Opa, estou repetindo.
1468320	1472320	Na passagem de João já foi citado,
1472320	1476320	sendo em seguida realizada a oração dirigida pelo presbítero Ricardo.
1477320	1481320	Registra-se que na celebração do Nova Vida do domingo,
1481320	1485320	imediatamente anterior a saber 5 do 4 de 2026,
1485320	1488320	o presbítero Ricardo tendo sido eleito,
1488320	1494320	foi devidamente ordenado ao presbitério para um mandato de cinco anos.
1494320	1498320	Após sua ordenação, os presbíteros Bruno e Fernando reeleitos
1498320	1501320	para o novo mandato de igual duração
1501320	1505320	foram instalados juntamente com o presbítero Ricardo
1505320	1508320	na mesma celebração dominical já mencionada.
1508320	1513320	Na transcrição da ato da Assembleia Geral Ordinária,
1513320	1517320	constante abaixo, segue as informações relativas ao pleito
1517320	1520320	que elegeu os referidos presbíteros.
1520320	1524320	Outra sim foi dado assento ao presbítero Ricardo,
1524320	1530320	sendo em seguida elevada a oração em seu favor pelo presbítero Bruno.
1530320	1536320	Encerrada a oração, os conciliares estenderam ao presbítero Ricardo
1536320	1540320	a besta da comunhão, saudando-o com votos de boas-vindas.
1540320	1548320	Segue a transcrição da ata número 5 da Assembleia Geral Ordinária da IPNV,
1549320	1555320	ata número 5 da Assembleia Geral Ordinária de agosto da Igreja Presbíteria da Nova Vida,
1555320	1562320	que une-se em Assembleia os membros da referida igreja às 11 horas e 9 minutos,
1562320	1572320	aos 29 dias do mês de março de 2026, nas dependências da casa 13,
1572320	1577320	sítio Aquilinha 8, Taguatinha Norte, DF.
1577320	1582320	Em consonância à convocação do Conselho da IPNV,
1582320	1588320	ocorrida no dia 15 de fevereiro do ano, em curso, a fim de promover os seguintes atos.
1588320	1595320	1. Prestação de contas da tesouraria do Movimento Financeiro da Igreja Presbíteria da Nova Vida,
1595320	1597320	referente ao ano de 2025.
1597320	1601320	2. Eleição dos oficiais presbíteros.
1601320	1606320	3. Registro-se a presença de 18 membros comugantes.
1606320	1613320	Assim, o reverendo André Vieira Campos Moraes, pastor efetivo da Igreja e presidente da Assembleia,
1613320	1624320	declara aberta a AGO de 2026 e faz a leitura de Efésios 4, 11 a 16, seguida de oração.
1624320	1633320	Então, a Assembleia é orientada quanto a não proceder com a eleição de um secretário de atas,
1633320	1639320	a já vista que o mandato de um ano da irmã Kezia Campos Mello Meirelles,
1639320	1647320	membro comugante da IPNV e eleita na AGO de 2025, ainda está em vigor.
1647320	1652320	Em seguida, o pastor André solicita ao presbítero Bruno Santos Espíndola,
1652320	1658320	que proceda com a leitura da convocação do Conselho da IPNV.
1658320	1670320	Para esclarecimento, o presidente, pastor André, faz a leitura dos seguintes artigos do C.I.
1670320	1672320	C.I. e IPB.
1672320	1673320	C.I. é o quê?
1673320	1675320	Constituição Interna.
1675320	1678320	Constituição Interna da Igreja Presbíteriana Brasileira.
1678320	1679320	Do Brasil.
1680320	1684320	Artigo 9, parágrafo 1, a linha D.
1684320	1691320	Faz-se a leitura também do artigo 50 e artigo 54, parágrafos 1 e 2.
1691320	1696320	Então, passa-se a palavra ao presbítero Fernando Aguiar Meirelles,
1696320	1701320	que tem a oportunidade de fazer uma apresentação gráfica e detalhada
1701320	1708320	do relatório do Movimento Financeiro da Igreja do ano de 2025 ao término da apresentação.
1708320	1712320	O presbítero Fernando esclarece algumas dúvidas
1712320	1716320	que são levantadas sobre o Movimento Financeiro.
1716320	1722320	Em prosseguimento, o presidente submete o relatório à aprovação.
1722320	1727320	Encerrada a prestação de contas do Movimento Financeiro de 2025
1727320	1732320	com aprovação do relatório final e orçamento de 2026 pela Assembleia.
1733320	1740320	O presidente dá início aos procedimentos da eleição de oficiais presbíteros da Igreja
1740320	1749320	e convida os membros Samuel da Silva Mello, Fabiola de Oliveira Silva Mello, Sandro Silva,
1752320	1759320	Zilene Cange de Godoy, a fim de auxiliarem no decurso de todo o pleito.
1759320	1765320	O presidente esclarece os detalhes tirando algumas dúvidas da Igreja e inicia-se a votação.
1765320	1769320	Em seguida, é feita a contagem de votos.
1769320	1777320	Terminada a votação, em primeiro escrutinho, o pastor André declara a eleição dos seguintes candidatos.
1777320	1782320	Presbítero Bruno Santos Espíndulo, reeleito, com 17 votos.
1782320	1786320	Presbítero Fernando Aguiar Meirelles, reeleito, com 18 votos.
1786320	1790320	E Ricardo Brito do Nascimento, primeira eleição, com 18 votos.
1790320	1800320	O presidente apresenta para a Igreja os presbíteros eleitos e pede à Ana Gabriela Santos Brito
1800320	1803320	que faça uma oração em louvor a Deus.
1803320	1810320	Não havendo mais nada a tratar, encerra-se a Assembleia Geral Ordinária às 11h52.
1810320	1816320	Eu, Kezia Campos, Mello Meirelles, secretário de Atas, a tudo presente,
1816320	1822320	lavro e assino a presente ata após lida a aprovação pela Assembleia.
1822320	1830320	O alçamento aprovado pela Assembleia para o exercício financeiro de 2026 fica assim estabelecido.
1830320	1835320	Antes de você fazer essa leitura, deixa só eu esclarecer já lá para vocês.
1835320	1839320	Eu peguei o relatório da Igreja, que foi para o presbítero,
1839320	1845320	só que no nosso relatório alguns campos a gente não preencheu.
1845320	1850320	O relatório que nós mandamos para o presbítero.
1853320	1860320	E eu já percebi que eles são mais enjoados na hora de analisar a ata até do que os relatórios.
1860320	1863320	Porque o relatório vai das igrejas tudo.
1863320	1869320	E assim, as atas vão também, mas para tentar evitar a fadiga,
1869320	1877320	eu resolvi preencher os outros campos que no relatório que foi para o presbítero não foram preenchidos, entendeu?
1877320	1883320	E aí eu coloquei o preenchimento, mas não é que eu mudei o relatório, não,
1883320	1886320	eu só preenchi os campos que não foram preenchidos, entendeu?
1886320	1890320	Do relatório que eu fiz esse aí, abrindo o relatório que foi para o presbítero.
1891320	1895320	Porque eu passo do jeitinho que foi para o presbítero, eu põe na ata.
1895320	1900320	Só que aí eu vi que tinha alguns campos que a gente não preencheu.
1900320	1905320	Aí eu só preenchi o que a gente não preencheu, entendeu?
1905320	1908320	Coloca aí, fala o que lê aí, cara.
1908320	1911320	Lê todos os valores?
1913320	1914320	Sim.
1914320	1920320	Orçamento aprovado pela Assembleia para o exercício financeiro de 2026.
1920320	1922320	Fica assim estabelecido.
1922320	1927320	Saldo anterior do ano, R$122,73.
1927320	1930320	Tismos, R$80 mil.
1930320	1932320	Ofertas, R$20 mil.
1932320	1937320	Receita anual, R$100 mil.
1937320	1944320	Grande total, R$100 mil, R$122,73.
1944320	1949320	Causas locais, R$7 mil, R$250 mil.
1949320	1952320	Missões, R$7 mil, R$250 mil.
1952320	1955320	Evangelismo, R$7 mil, R$250 mil.
1955320	1958320	Ação social, R$7 mil, R$250 mil.
1958320	1961320	Sustento pastoral, R$66 mil.
1961320	1966320	Verba presbiterial, R$5 mil.
1966320	1969320	Total de despesas anuais, R$100 mil.
1969320	1974320	Saldo, R$122,73.
1974320	1977320	Ou seja, deixa eu só trazer esclarecimento.
1977320	1983320	Esses que estão assim, por exemplo,
1983320	1986320	causas locais, R$7 mil, R$250 mil.
1986320	1988320	Missões, R$7 mil, R$250 mil.
1988320	1990320	Evangelismo, R$7 mil, R$250 mil.
1990320	1992320	Ação social, R$7 mil, R$250 mil.
1992320	1994320	É porque o relatório que nós apresentamos
1994320	1998320	para o Presbiterio, nós tínhamos a previsão
1998320	2002320	de arrecadar R$100 mil, mas a gente não colocou
2002320	2005320	com o que que a gente estava prevendo o gasto.
2005320	2008320	Tipo assim, eles estão prevendo arrecadar R$100 mil
2008320	2009320	no ano, mas não...
2009320	2011320	E vai gastar com o quê?
2011320	2014320	E o relatório apresenta esses campos.
2014320	2016320	Esses campos não foi eu que inventei,
2016320	2018320	está lá no relatório, porque nós não preenchemos
2018320	2019320	isso aqui, entendeu?
2019320	2022320	Aí eu peguei os R$100 mil e dividi pelos campos
2022320	2023320	que nós não...
2023320	2026320	Aí por isso que ficou R$7.250 para cada um.
2026320	2030320	E no final, terminar igual começou,
2030320	2034320	com os meses, R$122.073 no ano.
2038320	2041320	Na sequência, procedeu-se a leitura da
2041320	2043320	Ata número 33 da reunião do Conselho,
2043320	2046320	a qual, após apreciação dos liares,
2046320	2048320	foi aprovada sem ressalves.
2048320	2051320	Ato contínuo, o Conselho procedeu a eleição
2051320	2055320	de sua direitoria e ficou assim constituída.
2055320	2058320	Presidente, reverendo André Guerreira Campos-Morais,
2058320	2062320	vice-presidente, presbítero Bruno Santos Espíndola,
2062320	2066320	secretário presbítero Ricardo Brito Nassimi,
2066320	2069320	tesoureiro Bárbara Barbosa Matos,
2069320	2073320	e o mandato da referida direitoria
2073320	2077320	terá vigência de um ano a contar de 8 de abril
2077320	2079320	de 2026.
2079320	2082320	Deliberou-se ainda pela desminação
2082320	2085320	do presbítero Fernando como representante
2085320	2091320	da IPNV junto ao Presbitério de Águas Claras,
2091320	2093320	PBAC.
2093320	2096320	Nada mais havendo a tratar,
2096320	2099320	a reunião foi encerrada às 21h50,
2099320	2104320	sendo a oração final dirigida pelo presbítero Fernando
2105320	2109320	para constar, eu, reverendo André Guerreira Campos-Morais,
2109320	2112320	nos termos do artigo 84, parágrafo único,
2112320	2114320	tendo estado presente a todos os atos,
2114320	2120320	lavrei a presente ata que, após lida e achada conforme,
2120320	2122320	seria assinada por mim.
2124320	2128320	Alguém que comentar alguma coisa sobre a leitura da ata?
2128320	2129320	Não.
2133320	2135320	Todos concordam com a aprovação?
2135320	2136320	Sim.
2137320	2138320	Obrigado.
2138320	2139320	Deixa eu só...
2140320	2142320	Quando você for fazer a 35,
2142320	2145320	tem que lembrar que tem que fazer nota de rodapé.
2148320	2150320	Então, toda vez que aparecer alguma coisa,
2150320	2153320	por exemplo, aqui ó, ata número 34,
2153320	2155320	já é a primeira nota.
2156320	2157320	O que diz aí mesmo?
2157320	2158320	Número da ata.
2158320	2160320	Ah, número da ata, né?
2160320	2163320	Aí você vai seguindo o modelo, vai dar certo.
2163320	2167320	Outra coisa, no final você não cita esse artigo,
2167320	2169320	porque eu só citei esse artigo,
2169320	2171320	porque na ausência de um secretário,
2171320	2173320	o pastor faz as vezes de secretário,
2173320	2174320	por isso que eu citei o artigo,
2174320	2176320	então você não precisa pôr o artigo,
2176320	2179320	porque de fato, de verdade, você já é o secretário,
2179320	2182320	você não está fazendo só as vezes do secretário, você é.
2182320	2184320	Então, quando você for fazer a ata 35,
2184320	2186320	não precisa citar esse artigo.
2186320	2188320	Que no caso eu fui eleito nessa ata, né?
2188320	2191320	Você foi eleito, então a ata 35,
2191320	2194320	você já é, de fato, o secretário,
2194320	2196320	então não precisa citar lá.
2198320	2201320	Tem que lembrar de colocar o horário que começou,
2201320	2204320	que inclusive é uma das coisas que aparece aqui no...
2205320	2207320	na nota de rodapé, né?
2209320	2211320	Enfim, o endereço...
2211320	2213320	O jeito está aí.
2213320	2214320	Ok.
2214320	2216320	Ô, Merel, seguindo o modelo, né?
2216320	2218320	Não é que tem que ser do jeito que está aqui,
2218320	2220320	é só seguir o modelo.
2220320	2222320	Não, e a gente forçando,
2222320	2224320	do jeito que a gente força pra poder ver se dá certo,
2224320	2225320	chega lá no dia,
2225320	2227320	tá raqueta na cabeça.
2227320	2230320	Ah, tem isso aqui que está errado, tem isso aqui que está errado.
2230320	2231320	É difícil demais.
2231320	2234320	Não, mas ele valoriza demais a inutilidade.
2236320	2237320	É verdade.
2237320	2240320	Valoriza demais a inutilidade.
2241320	2243320	Tu é doido.
2244320	2249320	Irmãos, eu queria falar sobre a campanha, né?
2249320	2253320	Eu vou pedir pra você registrar em ata, Ricardo.
2254320	2256320	A campanha de jejum e oração,
2256320	2260320	que começou no dia 11 e vai até o dia 24,
2260320	2263320	a campanha de oração e jejum é uma interseção
2263320	2266320	pelo evento evangelístico,
2266320	2269320	que vai acontecer na próxima quinta-feira,
2269320	2272320	sem ser amanhã, na quinta da próxima semana.
2272320	2275320	Eu queria que você registrasse em ata
2275320	2279320	essa campanha que nós estamos nesse momento tendo,
2279320	2281320	que é uma campanha da igreja,
2281320	2283320	em prol de um evento evangelístico,
2283320	2288320	então eu queria que fosse registrada em ata, tá?
2288320	2289320	Ok.
2296320	2301320	Bem, com relação à viagem missionária pra Moçambique,
2301320	2305320	dia 29 de junho a gente sai
2305320	2312320	e aí a gente vai chegar em Jonesburgo no dia 30,
2312320	2315320	porque não vai direto pra Moçambique, né?
2315320	2318320	Vai primeiro pra África do Sul.
2318320	2322320	Aí da África do Sul é que termina de chegar em Moçambique.
2322320	2326320	Então no dia 30 a gente desce em Jonesburgo
2326320	2331320	e aí pega outro voo num avião pequenininho
2331320	2335320	pra terminar de chegar em Moçambique.
2335320	2344320	Essa viagem, ela surgiu da seguinte forma,
2344320	2347320	alguém de Moçambique que se dizia ser pastor,
2347320	2351320	que eu até já perdi contato com ele,
2351320	2355320	que o cara insistia em pedindo dinheiro, pedindo dinheiro, pedindo dinheiro,
2355320	2359320	ele viu que não ia sair, parou de...
2359320	2365320	Ele mandava vídeo quase todo dia, e foto, e pedido,
2365320	2371320	e aí quando viu que dessa fonte não saía muita coisa,
2371320	2375320	ele parou, parou de insistir.
2375320	2380320	Mas o fato é que isso me trouxe um despertamento.
2381320	2384320	A minha jaquerinha.
2384320	2389320	E aí a gente começou a procurar saber um pouco mais sobre a África.
2389320	2392320	Quando esse despertamento começou a acontecer
2392320	2395320	eu fiquei sabendo de um pastor amigão meu que esteve aqui.
2395320	2400320	Não sei se vocês lembram dele, o Lincoln, meio gordão assim,
2400320	2404320	no dia que ele veio, um careca, o dia que ele veio ele tava com uma roupa...
2404320	2406320	Ah, você foi lá na casa dele buscar o Vinicius.
2406320	2410320	O Lincoln é o gordão grandão, com a cabeça careca.
2410320	2415320	Aí eu fiquei sabendo que o Lincoln ia pra Moçambique.
2415320	2418320	E ele foi mesmo, passou uns dias lá.
2418320	2420320	Botafoguense.
2420320	2422320	É, Botafoguense.
2422320	2425320	Ele voltou de lá impactado e falou pra mim, André,
2425320	2430320	pra você começar a se envolver com a África você precisa ir lá.
2431320	2436320	A melhor coisa que você faz é uma viagem pra espionar a terra.
2436320	2441320	Antes de você se envolver efetivamente com a África você precisa ir lá.
2441320	2445320	Aí ele me passou o contato de um pastor brasileiro,
2445320	2448320	que já tá lá há 20 anos, se chama Flávio.
2448320	2452320	Aí eu tenho o contato do Vinicius, que é o pastor que esteve aqui.
2452320	2454320	Vocês conheceram.
2455320	2457320	E...
2459320	2463320	E nós estamos indo no mesmo voo do pastor Iudenô.
2463320	2466320	E o Iudenô, acho que vocês não lembram, tem uma igreja ali no finalzinho da comercial
2466320	2468320	que chama Igreja do Evangelho.
2468320	2472320	E o Iudenô já tem alguns anos que ele tem ido a Moçambique,
2472320	2477320	inclusive feito um trabalho de apoio aos pastores locais.
2477320	2480320	Tem gente lá, tudo muito carente, sabe?
2480320	2483320	Tudo muito carente.
2484320	2490320	Então, tem algumas ações simples de entregar pelo menos uma bíblia de estudo pro pastor.
2490320	2493320	Porque ele não tem livro de teologia nenhum, de nada.
2493320	2497320	Não existe um pastor que tenha uma biblioteca.
2497320	2503320	Não existe. Então, assim, algumas ações às vezes é entregar na mão dele uma bíblia de estudo.
2503320	2506320	E isso já ajuda muito pra ele poder, né?
2506320	2516320	Pra ele poder ter acesso a algo pra preparar as mensagens dele e estudo, enfim.
2516320	2521320	Então, o pastor Iudenô tem ido, dado apoio às igrejas.
2521320	2524320	E ele está indo agora de novo.
2524320	2527320	E nós vamos no mesmo voo que ele vai, inclusive.
2527320	2529320	No dia 29 ele está indo também.
2529320	2532320	Então, nós estamos indo no mesmo voo.
2533320	2538320	Eu ainda não sei dizer pra vocês, assim...
2538320	2541320	Tá, mas essa viagem vai redundar no que?
2541320	2544320	No que ela vai redundar eu ainda não sei.
2544320	2546320	Deus proverá.
2546320	2553320	Assim, se algo vai nascer a partir dessa ida, Moçambique, eu ainda não sei.
2553320	2558320	O que pode, o que não pode surgir, que parceria fazer, que parceria não fazer.
2558320	2561320	Algumas respostas eu ainda não tenho.
2561320	2564320	É o nosso coração indo, né?
2566320	2571320	E depois dessa ida, eu tenho esperança que nós vamos ter a resposta.
2571320	2575320	Como nos envolver, com quem nos envolver, o que fazer.
2575320	2579320	Por enquanto, tudo isso são só perguntas.
2579320	2583320	Então, é por isso que nós estamos indo.
2583320	2590320	Nós estamos indo pra dar um primeiro passo na perspectiva de um envolvimento na África.
2590320	2595320	Esse pastor Flávio que eu citei agora há pouco, que está lá já tem 20 anos.
2595320	2599320	Ele disse pro Lincoln, e aí o Lincoln me falou.
2599320	2603320	Ele fala de três postos sem fundo na África.
2605320	2607320	Três postos sem fundo.
2607320	2610320	É o posto da carência emocionável.
2610320	2613320	Na África ou Moçambique?
2613320	2618320	É, mais especificamente Moçambique, mas quase tudo lá é do mesmo jeito.
2618320	2622320	Que as carências são enormes.
2622320	2629320	Eu fiquei conhecendo uma missionária em Anápolis.
2629320	2634320	O exercício ministerial dela é em Kinekonakri.
2634320	2639320	Kinekonakri é tipo, você imagina o mapa do Brasil?
2639320	2642320	Está tipo lá em Roraima.
2642320	2644320	Tipo lá em Roraima.
2644320	2647320	Você escuta os relatos dela?
2647320	2652320	As necessidades são muito parecidas de quem está lá, no caso Moçambique,
2652320	2654320	que fica no sudeste da África.
2654320	2656320	Muitos mil quilômetros de distância.
2656320	2658320	O continente africano é muito grande.
2658320	2663320	As necessidades têm coisas que, claro, cada lugar tem sua peculiaridade,
2663320	2665320	mas tem coisa que é muito grande.
2665320	2668320	Então, a necessidade é muito grande.
2668320	2673320	As necessidades têm coisas que, claro, cada lugar tem sua peculiaridade,
2673320	2676320	mas tem coisa que é muito igual.
2676320	2679320	Aí você ouve de Uganda, que tem lá o Artuto.
2679320	2681320	Vocês lembram do Artuto, né?
2681320	2687320	Pois é, aí você ouve as necessidades lá de Uganda, que está ali no centro da África.
2687320	2692320	Então, a África toda tem muitas necessidades que são muito próximas, né?
2692320	2694320	Muita pobreza.
2694320	2696320	Artuto, uma pergunta.
2696320	2698320	Você vai saber responder?
2698320	2703320	Moçambique está em qual escala é aquela perseguição?
2703320	2711320	Moçambique é... os 15 primeiros são perseguição, como é que é, gente?
2711320	2713320	Perseguição severa.
2713320	2718320	Não, tem um que é acima de severo, porque Moçambique já está em severo, que é o laranja.
2718320	2723320	Aí tem os 15 primeiros que são vermelho, que é acima de severo.
2723320	2726320	Não lembro aqui agora.
2726320	2731320	Mas eles colocam 50 países, né?
2731320	2736320	E eles colocam o ranking do primeiro colocado até o 50.
2736320	2740320	Moçambique está em 39.
2740320	2753320	Então, o pastor Flávio, né?
2753320	2756320	São os três postos sem fim.
2756320	2763320	É a carência emocional, a carência espiritual e a carência material.
2763320	2768320	Rapaz, parece que você derrama, derrama, derrama e não chega na borda nunca.
2768320	2772320	É um buraco que você nunca consegue encher.
2772320	2777320	Carência emocional, espiritual e material.
2777320	2781320	Três postos sem fim, tem 20 anos que esse homem está mal.
2781320	2787320	E ele diz que são três necessidades que você não consegue vencer nunca.
2787320	2790320	Sempre vai ter essa necessidade.
2790320	2806320	Então, nós vamos para conhecer e para saber com quem e como e se vamos nos envolver.
2806320	2812320	Bem, eu não sei se eu cheguei a comentar com vocês do pastor Biu.
2812320	2816320	O pastor Biu é o pastor da Terceira Igreja Brasileira do Recanto das Endes.
2816320	2819320	Eu acho que eu não comentei com vocês.
2819320	2825320	O Biu me chamou para uma viagem missionária no sertão do Piauí.
2825320	2827320	Aí sabe o que acontece?
2827320	2834320	Essa viagem é do dia 21 ao dia 26 de julho.
2834320	2839320	E eu e a Joaqueline, a gente chega da África no dia 19.
2839320	2840320	Você já chega viajando?
2840320	2842320	Já chego.
2842320	2848320	Engatando, ou seja...
2848320	2856320	É porque, na verdade, essa viagem do Biu não tinha conseguido fechar uma data ainda.
2856320	2859320	Por causa da dificuldade de agenda.
2859320	2864320	Um pode, outro não pode, outro pode, outro não pode, outro não pode, e aí esse negócio...
2864320	2869320	Aí agora eu finalmente consegui fechar uma agenda.
2869320	2871320	É essa viagem que vai de van?
2871320	2874320	Só que não é van, é um ônibus.
2874320	2877320	Vai num ônibus.
2877320	2885320	Aí essa viagem é para levar roupa, para levar cesta básica.
2885320	2891320	Inclusive, se vocês tiverem roupa para doação em casa.
2891320	2894320	E é o seguinte, é de 0 a 80 anos de idade.
2894320	2896320	Todo mundo...
2896320	2901320	No nordeste brasileiro, o sertãozão é uma carência igual a data.
2901320	2904320	E aí o Biu fechou essa data.
2904320	2912320	Então, a programação que antes era dos três primeiros domingos de julho...
2912320	2914320	Porque a gente é aí, no caso hoje, aquele...
2914320	2918320	Nós estaríamos no quarto domingo de julho, nós já estaríamos.
2918320	2924320	Mas porque o Biu acabou fechando a viagem para essa data...
2924320	2929320	Aí nós vamos ter que estender mais um domingo aqui.
2929320	2935320	Porque eu já tinha feito uma escala de pastores para virem pregar.
2935320	2942320	E ainda vou ter que acrescentar mais um, que é o último domingo de julho.
2942320	2947320	Bem, então, de 21 a 26...
2949320	2954320	Aí, eu coloquei do 6 aqui, é do 7.
2955320	2961320	Eu coloquei assim, a viagem missionária ao sertão do Piauí, de 21 a 26 do 6.
2961320	2964320	Mas é 21 a 26 do 7.
2964320	2967320	21 a 26 do 7.
2967320	2969320	Aí eu coloquei o nome do projeto.
2969320	2973320	Lá é projeto missional e igreja fora do quadrado.
2973320	2978320	Coordenador é o pastor Petronilho Duarte.
2978320	2983320	Pastor da terceira igreja preso perenso do Recife das Endes.
2983320	2990320	Diante disso, meus irmãos, nós temos providências.
2997320	3000320	Eu gostaria do seguinte.
3001320	3005320	Para o quarto domingo eu ainda não tenho definido, mas...
3005320	3019320	O Bruno, a Vanúcia e a Fabiola.
3019320	3023320	Bruno, Vanúcia e Fabiola nesses três domingos aqui.
3023320	3029320	Eu convidei o pastor Heraldo, no primeiro domingo de julho.
3029320	3032320	O pastor Heraldo vem para pregar.
3032320	3037320	O pastor Jan, segundo domingo de julho, vem para pregar.
3037320	3042320	O pastor Marcelo, terceiro domingo de julho, vem para pregar.
3042320	3046320	E o quarto domingo precisa ainda resolver.
3046320	3053320	E aí, Bruno, Vanúcia e Fabiola.
3053320	3056320	A liturgia dos cultos.
3056320	3061320	Você faz uma, Vanúcia faz outra, a Fabiola faz outra.
3061320	3070320	Eu vou fazer aquela parte da oferta, a abertura.
3070320	3073320	A abertura, a leitura do texto, a oração.
3073320	3076320	Passa a palavra para o louvor, depois passa a palavra para a dor.
3076320	3078320	É só a dinâmica, não é?
3078320	3080320	É de condução.
3085320	3090320	Ricardo, nós vamos precisar que você na Escola Dominical, minha irmã.
3090320	3092320	Você domingo passado.
3092320	3096320	Rapaz, sabe como é que eu terminei a aula do Ricardo?
3096320	3098320	Quando ele me passou a palavra.
3098320	3100320	Eu falei assim, para que eu estou dando aula?
3100320	3102320	O cara é muito melhor do que eu aqui.
3102320	3104320	Achamos, achamos.
3104320	3106320	Para que eu contei dando aula?
3106320	3108320	Achamos, cara.
3111320	3113320	Aí eu pedi ele o livro.
3113320	3115320	Você trouxe o livro?
3115320	3117320	Não, trouxe não.
3117320	3119320	Então você já fica com o livro.
3119320	3122320	Já que você já está com o livro mesmo, então você já vai estudando.
3122320	3124320	Já deu tão certo.
3128320	3130320	Mas aí é assim, Ricardo.
3130320	3135320	Se pegar isso todos os domínios e ficar pesado para você.
3137320	3142320	De repente a gente pode estudar uma forma de não ficar isso só para você, entendeu?
3143320	3145320	De repente o Fernando te ajuda no domingo.
3145320	3147320	Você passa o livro para ele.
3147320	3149320	Você para uma semana e ele vem dar uma aula.
3149320	3151320	O Bruno.
3155320	3159320	Porque a liturgia vai ficar com Fabiola, Vanúcia e Bruno, né?
3159320	3164320	Então, tipo, ele pode folgar no dia que ele não falta ficar com a liturgia.
3164320	3166320	Já pode dar aula.
3168320	3171320	A Fabiola abre, ele dá aula.
3171320	3173320	Aí a Vanúcia abre, ele dá aula.
3173320	3177320	Aí no dia que ele abre, o Fernando dá aula.
3179320	3181320	Então.
3183320	3187320	Aí, irmãos, eu queria pedir para vocês uma coisa.
3191320	3194320	A gente não ter a Festa Agape em julho.
3196320	3199320	E a ceia do Senhor acontecer no segundo domingo.
3199320	3201320	Vou explicar por quê.
3201320	3204320	Porque na hora de fechar a agenda com esses irmãos,
3204320	3207320	eu fechei a agenda de acordo com a disponibilidade deles.
3207320	3213320	E aí no primeiro domingo, quem vai estar aqui pregando, o Pastor Heraldo.
3215320	3221320	E eu penso que a nossa prática pode, de repente, ferir a consciência do irmão.
3221320	3224320	Pode deixar o irmão numa situação constrangedora.
3224320	3227320	Então, para evitar isso,
3228320	3231320	eu acho que a gente poderia passar a ceia
3232320	3234320	para o segundo domingo.
3234320	3237320	Que aí no segundo domingo vai ser o Pastor Heraldo.
3237320	3239320	Aí é tranquilo.
3239320	3241320	Mas aí faz a ceia aqui.
3241320	3243320	Aí faz a ceia aqui.
3243320	3244320	Aí por que não?
3244320	3248320	Aí eu vou explicar por que não a Festa Agape.
3248320	3250320	Porque é o seguinte.
3251320	3254320	Sempre que nós temos Festa Agape em cima,
3255320	3258320	há uma necessidade de uma limpeza mais pesada.
3258320	3259320	Normal.
3259320	3262320	Porque sempre cai alguma coisinha no chão e isso é normal.
3264320	3267320	Então, assim, quem vai estar nos dando esse suporte,
3267320	3269320	vai ser a Avanuse.
3269320	3272320	Porque nós já estamos na época de poeira e tem empoeirado muito.
3272320	3275320	Então ela vai vir ali na sexta-feira.
3275320	3280320	Nem pode ser no sábado, porque sábado o marido dela está em casa e não tem como vir.
3280320	3283320	Então ela vai ainda vir na sexta-feira, tirar uma poeirinha.
3283320	3286320	Uma coisa é tirar a poeira para poder utilizar.
3286320	3289320	Outra coisa é ter que lavar porque caiu comida.
3290320	3293320	Então para evitar esse trabalho mais pesado,
3295320	3298320	ter a ceia no segundo domingo, aqui embaixo mesmo,
3299320	3302320	e não ter a Festa Agape, excepcionalmente.
3303320	3309320	E aí então no caso, no mês de julho, todos os domingos vão ser às dez da manhã.
3310320	3312320	Todos os domingos às dez da manhã.
3312320	3316320	Não vai ter um domingo a chegar às nove horas, porque não vai ter a Festa Agape.
3316320	3319320	E aí no segundo domingo, causa do pastor Iano.
3320320	3323320	Porque não é que o pastor Heraldo não faria.
3324320	3328320	Eu até acho que o pastor Heraldo faria, mas eu acho que ele faria meio assim.
3328320	3331320	Talvez pode dar problema para ele lá.
3331320	3334320	Exato, pode dar problema para ele lá depois.
3334320	3337320	Porque não é toda igreja que serve de ceia para criança.
3338320	3342320	E as nossas crianças estão culturalmente acostumadas a ser.
3342320	3348320	Se ele serve aqui e alguém de lá, mesmo que ele é conto, ele não tem problema.
3348320	3354320	E lá não serve e alguém fica sabendo, então é melhor para ele ficar sabendo.
3354320	3357320	É melhor evitar.
3357320	3364320	Então assim, tirar do primeiro domingo, porque é o pastor Heraldo que vai estar aqui.
3365320	3369320	Com o pastor Iano é de boinha.
3369320	3371320	Catolicado é melhor.
3373320	3378320	Já tem igreja preso-terreira que não faz o batismo de criança.
3378320	3382320	Embora seja institucional, que é o pastor.
3382320	3385320	Esses daí são preso-terreira batista.
3387320	3389320	Tipo isso.
3390320	3392320	Tá bacalhando, hein?
3395320	3397320	Não, não é tudo.
3405320	3412320	Então, meus irmãos, eu estou passando essas coisas para vocês,
3412320	3420320	porque aí as providências com relação à culto, escola bíblica, vai ter o despertai.
3420320	3422320	Vai ter o despertai.
3422320	3425320	Eu preciso que vocês assumam isso aí, tá?
3425320	3431320	O despertai é aquele momento de oração da 6h30 às 7h da manhã, online.
3431320	3438320	Aí divulga o link para os irmãos, os irmãos que forem participar, entram acessando o link.
3438320	3440320	Das 18h às 7h?
3440320	3443320	Então, das 6h30 às 7h da manhã.
3446320	3448320	Todo dia eu trabalho.
3448320	3452320	É, eu sei que você tem esse impedimento aí.
3456320	3465320	Mas é importante isso, porque inclusive é uma oportunidade para incentivar a igreja em oração por nós.
3465320	3471320	Nós vamos estar lá e com certeza precisando de muita oração.
3471320	3484320	Então, pastores convidados, liturgia, ministério de louvor, já que a gente já fez uma escala,
3484320	3490320	inclusive com pessoas convidadas que virão para ministrar o louvor.
3490320	3495320	Essa parte provavelmente vai estar divulgando dentro do ministério de louvor.
3496320	3500320	Então, eu queria perguntar para vocês.
3500320	3504320	O que vocês dizem até aqui?
3508320	3509320	Fala.
3513320	3516320	Nada a declarar, o plano de amigo está bem solinho.
3520320	3522320	Meu Deus do céu.
3522320	3524320	Agora fala o roteirão.
3526320	3528320	Quatro domingos, né?
3528320	3532320	Aí é o pastor Heraldo, Marcelo e Ian.
3532320	3534320	Pois é.
3534320	3535320	O quarto.
3535320	3537320	Pois é, é porque eu tinha fechado isso aí.
3537320	3539320	O quarto é o Bruno.
3539320	3541320	É o Bruno Antônio.
3541320	3547320	É porque o quarto eu não tinha fechado, porque só hoje que o pastor Bill me passou a data da viagem.
3547320	3550320	Porque a data da viagem ainda está bem aberta.
3550320	3554320	Aí eu compro o quarto de domingo que ficou faltando.
3554320	3556320	Aí eu ainda vou ter que arrumar isso.
3556320	3558320	Vou ter que arrumar isso.
3558320	3560320	Entendi.
3562320	3566320	Mas, e aí Fernando, o que você acha?
3566320	3568320	Eu acho que está bem realizado.
3568320	3570320	É bom só que você ainda está aqui.
3570320	3576320	E você procurou essas alzinhas, eu não sei lá como é que é.
3577320	3582320	Isso aí, você vai ficar um mês faltando praticamente.
3582320	3585320	Serão quatro domingos.
3585320	3587320	Aí tem que constaiar.
3587320	3593320	É bom constar que o conselho estava de acordo com o arido do André.
3593320	3596320	Porque se não constar, aí eles podem falar um dia.
3596320	3600320	Podem falar que o André é tornadistão da cabeça dele.
3600320	3602320	Foi a revelação.
3603320	3610320	Então a gente ou o conselho concorda com o arido do André.
3610320	3613320	Ou até mesmo envia o arido do André.
3613320	3615320	Isso, esse termo é bom.
3615320	3617320	É enviar.
3619320	3621320	A presença é boa.
3621320	3625320	E aí a gente também depois de falar que o conselho não faz nada.
3625320	3627320	O conselho só fica assistindo.
3627320	3629320	Esse conselho não faz nada.
3629320	3637320	O conselho não diria que a igreja presidencial dele é regida pelo conselho.
3637320	3640320	Por isso que sempre, porque a gente não tem votação.
3640320	3646320	Se a gente tivesse um paro aqui, o André só rota se não patasse.
3646320	3648320	Ah, se fosse...
3648320	3652320	O ato presidencial, ele só rotaria se não patasse.
3652320	3654320	Ele voltaria e votaria.
3654320	3656320	É só desempatar.
3656320	3658320	Porque a gente tinha decidido.
3658320	3661320	Aí ele tinha que submeter tudo isso aqui pra gente.
3661320	3663320	Pra gente aprovar.
3663320	3665320	E falar, beleza.
3665320	3668320	E ele só votaria se tivesse um paro.
3668320	3671320	Se não, ele fala, faz discurso.
3672320	3674320	Uma coisa que poderia acontecer.
3674320	3679320	Por exemplo, você não tivesse sido eleito para o espírito nessa eleição agora.
3679320	3681320	Você poderia estar aqui.
3681320	3683320	Você só não vota.
3684320	3688320	Aí você pode estar aqui, fazer discurso, reclamar, falar mal de tudo.
3688320	3689320	Falar bem de tudo.
3689320	3691320	Mostrar seu voto em vista.
3691320	3693320	E no final você não vota.
3693320	3697320	Mas você tinha o direito de estar aqui pra seguir essa política.
3697320	3699320	Eu acho melhor que não está aí até aqui.
3699320	3701320	Está sendo enviado.
3701320	3703320	Está sendo enviado.
3703320	3705320	Discutido no conselho.
3705320	3707320	É o conselho, a causa deliberada.
3707320	3709320	Dúvida que ele está de ar.
3710320	3715320	A gente vai enviar você e a Jaqueline nessa ata.
3715320	3720320	Aí você coloca a ata que está enviando pra viagem de Moçambique.
3720320	3722320	Que vai de tanto a tanto.
3722320	3724320	E pra viagem também de tanto a tanto.
3724320	3726320	Então reforçando as datas.
3726320	3728320	O senhor pode repetir, por favor?
3728320	3730320	Assim, inclusive.
3730320	3733320	Acho que está no texto que ele já colocou.
3733320	3735320	O texto do grupo do conselho.
3735320	3739320	Só que aqui eu disse que está errado.
3739320	3741320	Tem um aqui que está errado.
3741320	3743320	Que é do I6.
3743320	3745320	No item 4.
3745320	3747320	Edita no I6.
3747320	3749320	Pois é, eu tentei editar.
3749320	3751320	Já passou o tempo.
3751320	3753320	O item 4 está 21 a 26 do 6, não é isso?
3753320	3755320	E é do 7.
3755320	3757320	Não, está bom.
3757320	3759320	Mas esse já está lá no grupo do conselho.
3759320	3760320	Tá.
3760320	3762320	Eu coloco esse daqui.
3762320	3764320	Esse daqui é o alinhamento.
3764320	3767320	Estrada, jejum, tal, tal, tal.
3767320	3768320	É.
3768320	3769320	Beleza.
3769320	3773320	Pra fazer a ata, você pode se orientar por isso aqui.
3773320	3776320	Você pode se orientar por isso aqui.
3776320	3780320	E claro, pelas atas inteiras.
3780320	3783320	Essa aqui é diferente.
3783320	3785320	Tem a ata.
3785320	3788320	Mas em termos de cabeçalho é tudo igual.
3788320	3790320	Tudo é por ele.
3790320	3794320	E na ata só assina o relator?
3794320	3796320	Só o escriba?
3796320	3798320	É.
3798320	3800320	No caso, assina eu e você.
3800320	3802320	Só o secretário presidente.
3802320	3805320	Por exemplo, aqui é a assinatura do José Ius e a minha.
3805320	3807320	É José Ius mesmo?
3807320	3809320	Eu não sei quanto você voltou.
3809320	3810320	É José Ius.
3810320	3811320	É, né?
3811320	3813320	É só o secretário presidente.
3813320	3817320	Aqui no caso está só eu porque não assino o secretário.
3817320	3819320	Agora tem os dois.
3819320	3820320	É, eu fiz os dois.
3820320	3822320	Agora tem o escriba.
3824320	3826320	E essas daqui não precisa de...
3826320	3828320	Eles estão no cartório não, né?
3828320	3829320	Nada.
3829320	3831320	Isso é uma regista pelo pretério.
3831320	3832320	É.
3832320	3833320	Isso aqui é o pretério.
3833320	3835320	Isso aqui é uma regista dela.
3835320	3836320	Cadê?
3836320	3837320	É.
3837320	3838320	É isso aí.
3838320	3841320	Esse aqui é o que eles foram.
3841320	3843320	Esse aqui é o que eles foram.
3843320	3845320	Isso é do ano anterior até aqui.
3845320	3847320	Aí coloca como foi o ano anterior.
3847320	3849320	Aí eles metem o pau todo aqui.
3849320	3851320	Aí começa aqui de novo.
3851320	3853320	E na última eles melhoram.
3853320	3855320	Eles vão avaliar dessa aqui para a frente.
3855320	3857320	Essa aqui para trás.
3859320	3861320	E esse aqui tem as reintelmações que você falou.
3861320	3863320	Isso, esse aí é um documento do pretério.
3863320	3867320	Que a comissão que pegou a nossa ata leu as atas daquele ano.
3867320	3870320	E aquilo que eles entenderam que estava errado, eles colocam aqui.
3870320	3872320	Eles colocam aqui nesse documento.
3872320	3876320	Aí eles sentam aça aqui e dizem tudo que eles acharam.
3876320	3877320	E no final falam assim,
3877320	3879320	Louvamos a Deus pela vida dos irmãos.
3881320	3883320	Nesse momento.
3883320	3885320	Nesse momento.
3885320	3887320	Pau na orelha.
3888320	3890320	Aí agora eles vão avaliar daqui para frente.
3890320	3892320	Aqui para lá.
3892320	3897320	Aí mais lá na frente do início do ano que virei.
3897320	3900320	Aí tem um deles aqui avaliando suas atas.
3900320	3902320	Aí nós vamos ver se melhorou ou se piorou.
3907320	3911320	Quem foi o que avaliou as atas que eles detonaram agora?
3911320	3913320	Foi o pretério lá, a Regina.
3913320	3915320	Não, não, eu sei, mas quem era o nosso...
3915320	3917320	Escriba quem era o nosso pretério.
3917320	3919320	Mas não adianta.
3919320	3921320	Pode fazer o que você quiser.
3921320	3923320	Eles vão achar.
3923320	3925320	Eles vão achar B.O. aí.
3925320	3927320	Eu acho que não foi só o Joseius.
3927320	3928320	Foi, não.
3928320	3929320	Desde o início do ano, o Joseius.
3929320	3930320	É?
3930320	3933320	Porque o Joseius foi designado para cá no início do ano passado.
3933320	3934320	Com um homem todo.
3934320	3936320	Uxi, é prova do Eguini.
3936320	3937320	É.
3937320	3939320	Observar as regras gramaticais.
3939320	3940320	Pronto.
3940320	3941320	Vai piorando.
3941320	3944320	Um dos relatores dessa comissão...
3944320	3945320	O Reginaldo.
3945320	3947320	O Reginaldo que foi o relator.
3947320	3949320	Porque relator só tem um mesmo.
3949320	3951320	Ele que foi o relator.
3951320	3953320	Aí o Reginaldo é bem minucioso.
3954320	3956320	Então até o erro de português ele...
3956320	3960320	Esse bicho acho que ele tem doutorado em divindade.
3960320	3962320	Que é o que eu chamo doutorado em teologia.
3962320	3964320	Doutorado em divindade.
3964320	3966320	E o auxiliar dele que está fazendo doutorado agora.
3966320	3968320	É a mesma coisa.
3968320	3970320	O pastor auxiliar lá que é o Orbelho.
3970320	3972320	Orbelho.
3972320	3974320	Aí esse bicho aí...
3977320	3979320	Aí ele é gente boa.
3979320	3981320	É, eles são gente boas.
3982320	3984320	Ah, uma coisa que já está corrigindo.
3984320	3988320	Que eles estão reclamando que a prestação de contas anual foi em agosto.
3988320	3992320	Isso, mas aí é que não tem uma regra que fala que tem que ser enxame.
3992320	3993320	Tem.
3993320	3994320	Código civil.
3994320	3996320	Fala que tem que ser no primeiro trimestre.
3996320	3997320	Trimestre.
3997320	3998320	Então, é até o nosso.
3998320	3999320	Mas código civil.
3999320	4000320	A gente segue código civil.
4000320	4002320	A gente segue a nossa constituição interna.
4002320	4007320	Mas tecnicamente todo o conselho ele vai...
4007320	4010320	Se não tiver lei própria ele vai seguir o código civil.
4010320	4011320	Nossa constituição.
4011320	4012320	É a nossa constituição.
4012320	4014320	A nossa constituição fala que tem que ser no ano.
4014320	4016320	Tem que ser uma vez por ano.
4016320	4017320	Uma vez por ano.
4017320	4018320	Não fala como.
4018320	4019320	Não fala como.
4019320	4022320	Como é que é o nome da sigla da nossa...
4022320	4024320	Constituição interna.
4024320	4026320	C.I.I.B.B.
4026320	4028320	C.I.I.B.B.
4028320	4033320	Constituição interna da Igreja Brasileira do Brasil.
4033320	4036320	Oxe, eles avaliaram um por um aí.
4036320	4038320	É, cara.
4038320	4040320	É impressionante, né?
4040320	4041320	Eu também acho.
4041320	4043320	É um por um.
4043320	4045320	Vírgula por vírgula.
4047320	4049320	Teve um lá, sabe quem o cara colocou?
4049320	4050320	Uma vez?
4050320	4052320	Ele leu o nome do Presbítero.
4052320	4054320	Igual a que você leu aí,
4054320	4057320	então o nome da gente se está várias vezes completo.
4057320	4059320	Aí nenhum leu assim...
4059320	4061320	Fernando Aguiar Mireles.
4061320	4062320	O outro tinha assim...
4062320	4063320	Fernando Aguiar.
4063320	4065320	Falei, opa, tá faltando aqui.
4065320	4067320	Marcou isso como erro?
4067320	4068320	É.
4070320	4072320	É o mesmo cara, velho.
4072320	4074320	Só errou e falou.
4074320	4078320	Mas a verdade é que o nome,
4078320	4081320	tendo sido lá no cabeçalho, né?
4081320	4083320	Que você colocou o nome completo,
4083320	4084320	a partir dali, quando você citar,
4084320	4086320	você não precisa pôr o nome completo mais.
4086320	4087320	Coloca só o primeiro.
4087320	4088320	Só o primeiro nome.
4088320	4089320	É.
4089320	4091320	O Presbítero Fernando, o Pastor André,
4091320	4093320	o Presbítero Ricardo.
4093320	4096320	Que saiu a mesma regra de acordo do sigla.
4096320	4099320	Porque o nome já foi citado completo antes.
4099320	4100320	Entendeu?
4100320	4105320	Cara, antigamente se escreveu a lista
4105320	4110320	de quem estava presente na reunião, na Assembleia.
4110320	4112320	Aí você tinha que colocar o nome de um patrão
4112320	4114320	que registrou presença pela volta.
4114320	4116320	Mas tá aqui, ó.
4116320	4118320	Mas ela tá aí, aqui, não.
4118320	4121320	Ela tinha que estar aqui, transcrita aqui, ó.
4121320	4124320	Na paz.
4127320	4128320	É.
4128320	4131320	Porque tinha umas coisas que só ia usar
4131320	4134320	para ajudar vocês.
4134320	4136320	Acho que agora que eles incluíram tudo,
4136320	4137320	você não precisaria.
4137320	4140320	Mas eles ainda fazem o transcrever.
4140320	4142320	Ah.
4142320	4144320	Cara.
4144320	4146320	Ah, tá, essa aqui.
4146320	4148320	Faltou esse detalhe.
4148320	4150320	Você vai buscar.
4150320	4152320	Ah, até da reunião.
4152320	4153320	É.
4153320	4154320	Vou assinar.
4154320	4155320	Tem que colocar aqui.
4155320	4156320	Só um?
4156320	4157320	Um.
4159320	4161320	Cara, é cheio de biose.
4161320	4163320	Vocês vão acostumando.
4163320	4165320	Faz quanto tempo que tu mexe com isso?
4165320	4168320	Que eu mexe desde que eu fui eleito aqui.
4168320	4170320	Tu mexe com o quê?
4170320	4173320	Não, é que eu já trabalhei de piano.
4173320	4174320	Não, assim.
4174320	4176320	Não na...
4177320	4179320	Mas eu já trabalhei de...
4179320	4181320	Porque às vezes o conceito...
4181320	4183320	Muita coisa eles pedem para membros
4183320	4185320	ajudar, fazer o...
4185320	4188320	Então eu já trabalhei nas reuniões de presbiteira.
4188320	4190320	Assim, eu não voltava, não fazia nada.
4190320	4192320	Só ia lá ajudar, carregar a mesa,
4192320	4194320	fazer as coisas.
4194320	4195320	Então eu já conheço mais ou menos.
4195320	4197320	Agora eu já fiz...
4197320	4199320	Eu tô na presidência do Brasil, tá ligado?
4199320	4201320	20 anos.
4201320	4203320	Cara, e é assim.
4203320	4204320	Não tem como.
4204320	4206320	Você quer estar na presidência do Brasil,
4206320	4208320	você tem que vencer essa burocracia para trabalhar.
4208320	4210320	Senão não rende.
4210320	4211320	Não adianta.
4211320	4213320	Se você for ficar batendo de frente...
4215320	4218320	Você vai estar criando que isso é o mundo que você precisa.
4218320	4221320	Aí você gasta energia em outra coisa.
4221320	4222320	Que é piano.
4222320	4224320	Que é as brigas políticas.
4224320	4227320	Aí é melhor se o cara segue esse negócio aí
4227320	4229320	e faz andar.
4231320	4232320	Porque assim,
4232320	4235320	o jeito que a gente leva aqui é muito leve.
4235320	4237320	A gente já desce aqui.
4237320	4238320	Falta muito.
4239320	4241320	Não fica criando que isso é o mundo.
4241320	4243320	A gente volta ao que é importante.
4243320	4245320	Será que agora a burocracia tem que seguir?
4245320	4247320	Não, não.
4251320	4254320	E isso aqui tem algum peso punitivo?
4254320	4256320	Zero.
4256320	4258320	É só uma intubação.
4260320	4261320	Ele não quer fazer nada.
4261320	4263320	Se a gente levar isso aqui, tudo manchado de letra,
4263320	4265320	de menino, pintado, não vai mudar nada.
4265320	4266320	Não vai mudar nada.
4266320	4268320	Eles vão chegar lá e vão falar mal.
4268320	4270320	Não vai mudar nada.
4270320	4272320	Vocês vão vir aqui e fazer ata para nós.
4272320	4273320	Então é isso aí.
4273320	4274320	Rata é essa.
4275320	4276320	Nada.
4276320	4277320	Não tem nada.
4277320	4278320	É só...
4278320	4280320	Eles vão falar mal da gente para os outros.
4280320	4281320	Deixe o pau quebrar.
4281320	4283320	Deixe a folha cair.
4283320	4284320	Vamos para cima.
4284320	4285320	Segue o fluxo.
4285320	4286320	Um negócio assim.
4286320	4287320	Faz o melhor que a gente conseguir.
4287320	4288320	Sem burocracia.
4288320	4289320	É tipo assim.
4289320	4290320	O que eu acho?
4290320	4292320	A gente já viu que a gente errou.
4292320	4294320	A gente errava na páginação.
4294320	4295320	No número das atas.
4295320	4297320	A gente corrigiu isso tudo.
4297320	4298320	Agora é assim.
4298320	4299320	E tem páginação aqui?
4299320	4300320	Tem.
4300320	4301320	Cara, tem.
4301320	4302320	Inclusive...
4304320	4305320	Tudo é errado.
4305320	4306320	Está tudo sem.
4306320	4307320	Nós estamos sem página ainda.
4308320	4310320	Se você quiser corrir, se não quiser...
4311320	4313320	Porque antes assim, o número das atas...
4313320	4315320	O Ari fez o favor de perder.
4315320	4318320	Um caminhão de ata que viria de ele.
4318320	4321320	Aí chega lá, bicho, umas 20 vezes.
4321320	4322320	Cadê as atas?
4322320	4323320	Vai, meu irmão.
4323320	4324320	Já perdeu.
4324320	4325320	Lê aqui.
4325320	4327320	O cara aqui reclamou que perdeu.
4328320	4330320	Está registrado aqui que não foi perdido?
4330320	4331320	Tem aqui.
4331320	4332320	É que assim.
4332320	4333320	Um registrou assim.
4333320	4336320	Não tem as atas anteriores para comprovação.
4337320	4338320	Aí está assim.
4338320	4339320	Não tem.
4339320	4340320	Aí o da frente falou.
4340320	4341320	Não tem.
4341320	4342320	Eu falei.
4342320	4343320	Irmão, o daqui já reclamou.
4343320	4344320	É daqui para trás.
4344320	4345320	Não vai ter.
4349320	4350320	Considera aí.
4350320	4351320	Aí os caras disseram.
4351320	4352320	É capaz do prós.
4352320	4354320	É porque esses aqui passaram batido.
4354320	4355320	Não é capaz do prós, vamos falar.
4355320	4356320	É mesmo.
4356320	4358320	Por que que começa lá 20 tanto?
4358320	4359320	É capaz, é capaz.
4359320	4360320	Não deixa eu falar.
4360320	4361320	Aí eu já falei.
4361320	4363320	A gente já sabe que tem o V.O.
4363320	4364320	Nem estresse.
4364320	4366320	Vamos reclamar de si, deixa eu falar.
4366320	4370320	Mas Ricardo, corrigir isso aqui não vai dar certo não.
4370320	4371320	Vamos fazer o seguinte.
4371320	4373320	Não, só a paginação do mestre.
4373320	4375320	A gente não está falando de corrigir não.
4375320	4376320	A gente está falando.
4376320	4380320	Eu que permitei se isso aqui tinha algum peso punitivo.
4381320	4382320	Eu tinha perguntado nisso.
4382320	4385320	Não, mas com relação a essa questão de paginação,
4385320	4387320	de repente quando terminar esse livro,
4387320	4389320	porque ele está perto de acabar.
4389320	4391320	Quer dizer, esse perto de acabar é relativo também.
4391320	4393320	Isso é uma coisa mais clássica aí.
4393320	4394320	É.
4394320	4397320	Mas, não sei, um dia a gente corrigir isso.
4397320	4398320	Não precisa preocupar nada.
4398320	4399320	Não, é.
4399320	4401320	Não, mas o negócio é daqui para frente.
4401320	4403320	Porque isso aqui que ele está reclamando é daqui para frente.
4403320	4405320	É, mas se ele pode começar a lidar,
4405320	4410320	se ele tem que voltar tudo aí, não vai ajudar.
4411320	4412320	É.
4412320	4413320	Esse é o lance.
4413320	4416320	É, porque a gente não sabe quantas páginas tem que subir.
4416320	4417320	É.
4417320	4418320	Aí você tem que voltar.
4418320	4419320	Ah, entendi.
4419320	4422320	Aqui você pode começar a dar uma.
4422320	4425320	Aí você tem que fazer um jeito de botar uma aqui.
4426320	4428320	Dois, três e segue.
4428320	4430320	Brasília o gente.
4432320	4433320	Não mexe.
4433320	4434320	Deixa assim.
4434320	4436320	Depois eu começo o outro livro.
4437320	4440320	Que esse cara, o que eles querem saber?
4440320	4445320	Basicamente assim, o conselho está trabalhando.
4445320	4446320	É isso.
4446320	4448320	O conselho está ativo.
4448320	4452320	Porque o problema para a Igreja Presideriana é você ter um conselho banano.
4452320	4454320	Só existe, não faz nada.
4454320	4457320	Então a gente mostra aqui que está trabalhando os lançamentos,
4457320	4459320	o que, deliberando um monte de coisa.
4459320	4460320	Tá bom.
4460320	4462320	Está enviando o pastor pra ver as inscrições.
4462320	4463320	Está enviando o pastor pra missão.
4463320	4464320	Está ótimo.
4465320	4468320	O que não pode é ter o pastor tomando decisão atrás de decisão
4468320	4470320	e o conselho assistindo.
4470320	4472320	E fica ruim.
4472320	4474320	Fica ruim assim.
4474320	4478320	E mesmo assim, até eles poderem fazer alguma coisa,
4478320	4481320	é um universo do tamanho banano.
4481320	4484320	Agora uma coisa eu fiquei pensando.
4484320	4487320	Esse aqui não tinha que estar lá atrás, não.
4487320	4490320	Esse aqui é de um dos presentes da Assembleia.
4490320	4492320	Não tinha que estar junto com a Assembleia.
4492320	4494320	Então vai ser pra cá, né?
4494320	4496320	Aqui, ó.
4496320	4498320	Não, eu acho que ele é aqui, ó.
4498320	4500320	Logo após esse aqui, ele vem aqui junto.
4500320	4502320	Que essa aqui é a da Assembleia, né?
4502320	4504320	A da Assembleia é essa aqui, ó.
4504320	4506320	Então tinha que estar junto com a...
4506320	4508320	Não, essa é a ata do conselho.
4508320	4510320	A ata da reunião da Assembleia.
4510320	4512320	Essa ata 5 aqui.
4512320	4515320	Essa ata aqui é a da Assembleia.
4515320	4521320	Que no caso está transcrita no livro do conselho.
4521320	4523320	Não, mas não estamos nesse momento
4523320	4527320	com um livro específico de atas da Assembleia da igreja.
4527320	4529320	Então, mas a ata da Assembleia,
4529320	4532320	ela não tinha que estar nesse livro aqui.
4532320	4534320	Só a transcrição dela aqui.
4534320	4537320	A ata, você fala a ata da Assembleia, né?
4537320	4538320	Sim.
4538320	4540320	E se ela tivesse que estar aqui,
4540320	4541320	eu acho que é estranho aqui,
4541320	4542320	tinha que estar junto dela.
4542320	4543320	Tinha que estar junto dela.
4543320	4545320	Não, esse aqui tem que ficar junto com ela.
4545320	4547320	Então, mas é porque eu não sei se ela...
4547320	4549320	Mas se ela estiver em outro lugar,
4549320	4551320	tem que ficar lá ou em outro lugar onde ela estiver.
4551320	4553320	Até agora eu estou na dúvida.
4553320	4555320	Porque esse daqui é um documento
4555320	4558320	que valida a autenticidade da eleição.
4558320	4563320	Ele tem que estar junto com uma ata que originou ele.
4563320	4565320	E a ata 5, ela fica onde?
4565320	4567320	Pois é, está guardada.
4567320	4570320	Mas ela não ficaria nesse livro de ata?
4570320	4572320	Pois é, é porque esse livro aqui é o livro do conselho.
4572320	4574320	O conselho teria que ter outro...
4574320	4575320	Teria que ter outro livro,
4575320	4578320	que é o livro de atas da igreja.
4578320	4580320	Mas deixa que, por enquanto,
4580320	4582320	eu vou procurar um livro de atas da igreja.
4582320	4584320	Aí depois a gente tira daqui.
4584320	4586320	E não pode simplificar, não?
4586320	4587320	Como essa aqui?
4587320	4588320	Deixa um só.
4588320	4590320	Porque aí eles têm que subir a mesma numperação.
4590320	4592320	Aí essa ata ali não era 5,
4592320	4594320	era 30 e alguma coisa.
4596320	4599320	Aqui, essa aqui é da outra assembleia.
4600320	4602320	Por isso que essa como que é a ata 5,
4602320	4605320	aí ela tem que adivinhar 1, 2, 3 e 4 bandas dela.
4605320	4607320	Mas agora é uma coisa que eu estou pensando.
4609320	4611320	Igreja grande, como é que lida com isso aqui, Ricardo?
4611320	4612320	Tem.
4612320	4614320	Para pra pensar numa igreja assim, com 5 mil membros.
4614320	4616320	Bicho, você nunca viu uma segunda igreja, não?
4616320	4617320	Como é que é?
4617320	4619320	O dízimo lá,
4619320	4621320	eles não está com o posse.
4621320	4623320	É que eles falam que tem que estar divulgado.
4623320	4625320	Tem um mural lá mesmo,
4625320	4627320	um catatal de papel desse tamanho.
4627320	4629320	Isso é 400 membros da igreja.
4629320	4631320	Tem todo mundo listado lá quem deu o dízimo,
4631320	4633320	mês que deu, mês que não deu.
4633320	4636320	Eu estou pregatando na porta da igreja.
4636320	4638320	Aí você chega lá e se um cara catar,
4638320	4640320	é na manuia.
4640320	4642320	Isso aqui é feito da mão.
4642320	4644320	Todo mundo chega e eu acho
4644320	4646320	que eles devem usar
4646320	4648320	livro de ata normal
4648320	4650320	para a assembleia,
4650320	4652320	ao invés de fazer no computador,
4652320	4654320	faz no livro.
4654320	4656320	E deixa lá e os caras assim vão acionando o livro
4656320	4658320	que já fica fechurito.
4658320	4660320	Entendi.
4660320	4662320	Só para colher a assinatura você mui, não é?
4662320	4664320	Ou então eles imprimem o rol de membro,
4664320	4667320	o cara, a hora que chega, acha o nome dele e assina.
4667320	4669320	Quem não assinou não está representado.
4672320	4674320	Mas é um trabalhê,
4674320	4677320	isso é pior do que reunião de colômitos.
4677320	4679320	Eu fico pensando,
4679320	4681320	porque igreja presbiteriana,
4681320	4684320	por exemplo, a do Jeremias mesmo,
4684320	4686320	que falei aqui, a igreja do Jeremias tem mais...
4686320	4688320	É a do José João.
4688320	4690320	Pois é.
4690320	4692320	A congregação tem 4 mil.
4692320	4694320	A congregação tem 4 mil.
4694320	4696320	Como é que você faz isso?
4696320	4698320	Eu sinceramente não sei como funciona isso.
4700320	4702320	E se a congregação quiser,
4702320	4704320	pode faltar,
4704320	4706320	mas geralmente não importa.
4708320	4710320	Fia seu, fia seu,
4710320	4712320	não perdeu esse livro,
4712320	4714320	está pior.
4714320	4716320	Ixiu.
4716320	4718320	Nossa, o Harim perdeu o livro.
4718320	4720320	O Harim perdeu um livro desse.
4724320	4726320	Aí os caras falam assim,
4726320	4728320	não, não tem problema, eles não,
4728320	4730320	na igreja presbiteriana
4730320	4733320	tem arquivado as primeiras lagas
4733320	4735320	que saem,
4735320	4737320	o primeiro curso.
4737320	4739320	Os caras tem lá teoria.
4741320	4743320	Aí você vê assim, para quê?
4743320	4745320	E o que que implica?
4745320	4747320	É para a história.
4747320	4749320	Da igreja presbiteriana
4749320	4751320	como ela surgiu no Brasil.
4751320	4754320	Se vocês forem acompanhar
4754320	4756320	as evoluções tecnológicas,
4756320	4759320	os dados que estão
4759320	4761320	que estão armazenados aí
4761320	4763320	desde a pré-história,
4763320	4765320	eles estão usando a IA para reavaliá-los.
4765320	4768320	E aí está sendo descoberto muito de coisa que
4768320	4771320	quando era humano fazendo não tinha como.
4772320	4774320	Que quase eu quero ver
4774320	4776320	quando os bichos acordar,
4776320	4779320	que a IA não é isso do que estão falando.
4779320	4781320	É muito boa, ela agiliza
4781320	4784320	um processo repetitivo para ele.
4784320	4786320	Ela substitui um, não,
4786320	4789320	só seu profissional foi muito bom.
4789320	4792320	Substitui o estagiário com certeza.
4792320	4795320	Ah, o corretor daquele
4795320	4797320	o Clipse lá do Hordi,
4797320	4799320	ele substitui bem.
4800320	4802320	Ricardo, falando em IA,
4802320	4804320	uma dica que eu fiz assim
4804320	4806320	e eu achei que ficou
4806320	4808320	bem, bem, bem legal.
4808320	4811320	Eu faço o texto
4811320	4813320	da ATA
4813320	4815320	e eu pego o texto
4815320	4817320	e jogo lá no chat de APT
4817320	4819320	e falo para ele corrigir.
4819320	4823320	Falo para ele colocar os termos formais.
4823320	4825320	Se você falar para ele assim,
4825320	4827320	de acordo com o modelo presbiteriano,
4827320	4830320	ele vai fazer de acordo com o modelo que ele faz.
4830320	4833320	É porque o modelo que a ATA é público,
4833320	4835320	você vai no site da IPBT,
4835320	4838320	o modelo que é para ser seguido,
4838320	4840320	é o que coloca a gente aqui.
4840320	4844320	O modelo é só cabeçalha e tal, final.
4846320	4849320	Aí, lembrando das linhas de roda-pé,
4849320	4853320	essas linhas de rosa-pé também são obrigatórias.
4853320	4855320	São.
4857320	4859320	Como está aí, você vai ver na própria ATA,
4859320	4861320	horário de começo, horário de fim,
4861320	4864320	conciliares presentes.
4864320	4868320	Quando tem algum conciliar ausente, aí coloca, né?
4868320	4870320	No nosso caso, conciliares presentes.
4870320	4871320	Antes de quando?
4871320	4875320	Considerar conciliares ausentes, pelo trânsito.
4875320	4877320	Ou então no caso de atraso.
4877320	4878320	Normal é assim.
4878320	4880320	Se a reunião começou, está faltando...
4880320	4881320	Ou no caso do Bruno.
4881320	4883320	Se nós tivéssemos começado às oito,
4883320	4886320	conciliares presentes.
4886320	4892320	André, Fernand, Hencar, conciliar ausente, Bruno.
4892320	4895320	Aí o Bruno chegou às oito e meia, aí registra.
4895320	4900320	Para o ex-mitro, o Bruno chega à reunião às vinte e trinta.
4900320	4902320	No começo da reunião, ele estava ausente,
4902320	4905320	então ele entra como conciliar ausente.
4905320	4908320	Aí registra a hora que ele chegou.
4910320	4913320	Para quê?
4913320	4915320	Para ele chegar lá e falar...
4915320	4916320	Para ele falar qualquer coisa,
4916320	4917320	para ele chegar às duas,
4917320	4919320	se ele só chega atrasado.
4920320	4922320	Se ele brigar com o preso,
4922320	4924320	se a gente vir, o que vocês sabem?
4924320	4926320	Se ele só chega atrasado,
4926320	4928320	e depois chega e fica só nos áudios.
4931320	4934320	Ele toma banho com esse telefone aí mesmo.
4936320	4939320	Ele tomando banho e respondendo piloto.
4939320	4940320	Ele é próprio d'água?
4940320	4942320	É, com certeza.
4942320	4945320	Para aguentar o Bruno, tem que ser.
4946320	4949320	Não pode perder a venda, né, Bruno?
4949320	4952320	Eu estou aguentando aqui o dia de amanhã,
4952320	4954320	porque eu acordo de madrugada.
4954320	4956320	Essa hora aqui, todo dia eu estou dormindo.
4956320	4958320	Já tem três semanas que eu estou dormindo cedo.
4958320	4962320	Quando eu estou trabalhando, eu durmo por volta das vinte.
4962320	4964320	Vinte e vinte eu não estou trabalhando, não?
4964320	4966320	Eu já estava.
4966320	4969320	E quando você está de atrasado, você fica até nove.
4970320	4973320	Aí eu entro sete horas do trabalho.
4973320	4978320	Saio cinco e meia, cinco e quarenta.
4978320	4980320	Você vai de carro?
4980320	4982320	Não, eu vou de metrô.
4982320	4984320	Eu entro sete horas.
4984320	4986320	Então, eu estou trabalhando exatamente...
4986320	4990320	Eu chego numa estação do metrô amanhã,
4990320	4993320	cinco e quarenta e cinco da manhã, lá no plano.
4993320	4995320	Chego numa estação, eu chego.
4995320	4998320	Aí o primeiro metrô chega seis horas da manhã,
4998320	5000320	e ele só vai entrando na van.
5000320	5002320	E tu leva eles para onde?
5002320	5004320	Eu levo eles para o hospital, deve estar.
5004320	5006320	Fica três quilômetros e meio.
5006320	5009320	A estação fica três quilômetros e meio do hospital.
5009320	5012320	E aí, dessa estação, que é um terminal de ônibus também,
5012320	5014320	não existe...
5014320	5018320	Não tem como eles irem para o hospital.
5018320	5021320	E eles estão me falando que era terrível a noite de ter essa noite.
5021320	5023320	Começou agora.
5023320	5026320	Diz que eu estou sendo dotado por eles lá.
5026320	5028320	Não está entendendo a comemoração que é, não.
5028320	5030320	Não, é que é ruim mesmo.
5030320	5032320	Porque eles são mais perto da legenda.
5032320	5034320	Não tem ônibus, não chegam lá.
5034320	5036320	Tem que descer lá na W3, subindo e andando.
5036320	5038320	Eles vão chegar atrasados.
5038320	5040320	Isso.
5040320	5044320	Aí eu saio da estação do metrô, que é lá embaixo.
5044320	5046320	Aí eu subo.
5046320	5048320	Quando eu entro na W3, eu paro na primeira parada de ônibus,
5048320	5050320	que é a do Pão de Açúcar.
5050320	5052320	Aí pego mais uma galera e termino chegando dessa.
5052320	5054320	Aí eu volto rapidão.
5055320	5057320	Duas horas.
5057320	5059320	Duas horinhas, senhor.
5059320	5062320	Não, quem paga é o hospital.
5062320	5064320	Quem me paga é a minha empresa.
5064320	5066320	Não recebi nada até hoje, não.
5066320	5068320	Mas temos uns 30 dias.
5068320	5070320	Porque até o início é complicado.
5070320	5072320	O primeiro pagamento não é com 30 dias, não.
5072320	5074320	O cara é tudo...
5074320	5076320	Não, mas ninguém paga com 30 dias.
5076320	5078320	É, empresa é empresa.
5078320	5080320	Principalmente o hospital que recebe com 90.
5080320	5082320	Aí eu já estava apertado.
5082320	5084320	Aí você vai ficando só mais apertado.
5084320	5086320	Até você respirar.
5086320	5088320	Bota pra caramba.
5088320	5090320	Aí quando você recebe, troca os móveis da casa,
5090320	5092320	tá com o dia.
5092320	5094320	É.
5094320	5096320	Você lembra do Heron?
5096320	5098320	Lembro, lembro do Heron.
5098320	5100320	O pai dele tinha uma clínica que atendia
5100320	5102320	pessoas quando eles...
5104320	5106320	Tinha problema cerebral,
5106320	5108320	quando o pessoal...
5108320	5110320	Psicológico.
5110320	5112320	Não era manicômico.
5112320	5114320	Era uma clínica tipo manicômico.
5114320	5116320	Psique.
5116320	5118320	Só que o pai dele recebia dia duas vezes.
5118320	5120320	Só que ele ficava assim...
5120320	5122320	Seis meses sem receber.
5122320	5124320	E trabalhava.
5124320	5126320	Aí assim, recebia.
5126320	5128320	Aí ela trocava as camas dos meninos,
5128320	5130320	arrumava o quarto dele e passava o mês.
5130320	5132320	E aí agora o resto do dia
5132320	5134320	pra passar o resto do mês.
5134320	5136320	Agora o pai vem colar,
5136320	5138320	a gente tá vendendo coisa,
5138320	5140320	a lança que é lenta,
5140320	5142320	por foto,
5142320	5144320	gastou o dinheiro.
5144320	5146320	Porque quando vem o dinheiro
5146320	5148320	também não vem corrigido.
5148320	5150320	Você tinha lá acertado receber 10 mil,
5150320	5152320	esperou seis meses,
5152320	5154320	é 10.500, você não vai receber
5154320	5156320	10 mil que é bastante.
5156320	5158320	É isso aí.
5158320	5160320	Aquele esquema lá que a gente
5160320	5162320	foi uns anos atrás, uma reunião
5162320	5164320	da Nova Cap,
5164320	5166320	a Nova Cap tá sem pagar o dono,
5166320	5168320	tem cinco meses.
5168320	5170320	Que isso, cara.
5170320	5172320	Aí tem uma lei,
5172320	5174320	que a lei ampara
5174320	5176320	pra você fazer a greve.
5176320	5178320	Acho que é depois de três meses,
5178320	5180320	no quarto mês que vai devendo,
5180320	5182320	aí os caras podem parar de trabalhar.
5182320	5184320	Não adianta nada.
5184320	5186320	Você viu que aquela galera...
5186320	5188320	Você lembra quando teve a caixa de Pandora,
5188320	5190320	vera ruda, que não tem aquele...
5190320	5194320	O tio da quesa,
5194320	5196320	ele era o tio dela, né?
5198320	5200320	O filho do dono é casado
5200320	5202320	com a prima da quesa.
5202320	5204320	Aí chegar no escritório do cara,
5204320	5206320	falou assim ó,
5206320	5208320	todos os pagamentos estão interrompidos
5208320	5210320	e ele cuidava da caldeira
5210320	5212320	de três hospitais.
5212320	5214320	A caldeira do hospital seguinte,
5214320	5216320	se desligar o hospital para.
5216320	5218320	Não para, tudo é...
5218320	5220320	Tudo é baseado nessa caldeira.
5220320	5222320	Tipo lavar a roupa,
5222320	5224320	esterilização de tudo,
5224320	5226320	quanta coisa, tudo nessa caldeira.
5226320	5228320	Então essa caldeira não pode parar.
5228320	5230320	Aí chega no início da república,
5230320	5232320	a gente está investigando quem está...
5232320	5234320	quem está envolvido,
5234320	5236320	quem não está.
5236320	5238320	Então todos os pagamentos estão suspensos
5238320	5240320	e vocês não podem interromper a prestação de serviço.
5240320	5242320	Bicho,
5242320	5244320	pense no cara que tem a folha de pagamento
5244320	5246320	nas alturas,
5246320	5248320	porque você pensa que você paga nego de manhã,
5248320	5250320	tarde e noite para trabalhar.
5250320	5252320	E madrugada,
5252320	5254320	ele paga girando a folha dele
5254320	5256320	todo dia cento e tantos mil por mês
5256320	5258320	sem receber um centavo.
5258320	5260320	Meu Deus, o que que é?
5260320	5262320	Aí ficou acho que seis meses assim.
5262320	5264320	Seis meses?
5264320	5266320	Sem receber.
5266320	5268320	E o ministério
5268320	5270320	não pode interromper,
5270320	5272320	se interromper a gente entra com
5272320	5274320	intervenção.
5274320	5276320	Aí o Estado toma conta da empresa,
5276320	5278320	é como se a empresa tivesse
5278320	5280320	recuperação judicial.
5280320	5282320	E aí perde o direito de concorrer
5282320	5284320	à licitação pública.
5284320	5286320	Uma era, velho.
5286320	5288320	Aí o bicho falou, deixa a era,
5288320	5290320	agora é dar um jeito,
5290320	5292320	é meter empréstimo para pagar a funcional.
5292320	5294320	E meter ontem.
5294320	5296320	Porque
5296320	5298320	e o governo, bicho, o governo é
5298320	5300320	noventa dias, um mínimo,
5300320	5302320	pode parar.
5302320	5304320	Se eu puder, eu não trabalho nunca
5304320	5306320	pro governo.
5306320	5308320	Trabalhar pro governo é...
5308320	5310320	Não é aquela coisa, se tu for trabalhar pro governo,
5310320	5312320	joga seu preço pra cima.
5312320	5314320	Não vale a pena.
5314320	5316320	Não tá rolando, não.
5316320	5318320	Se não, se não vai.
5318320	5320320	Vê essa coisa que tá rolando aí.
5320320	5322320	O pessoal trabalha pro governo e ainda
5322320	5324320	abaixa o valor de mercado.
5324320	5326320	Não vale a pena.
5326320	5328320	Não, rapaz.
5328320	5330320	Meu Deus.
5330320	5332320	Todo mundo gosta de caras.
5332320	5334320	Eles têm um negócio que eles tavam te alugado por uma roupa.
5334320	5336320	Eu não sei se é um prédio ou se é um menor,
5336320	5338320	não são uma baia.
5338320	5340320	Eles cobravam cem mil do governo.
5340320	5342320	Fala assim, cá está a carga.
5342320	5344320	Treino, vale cem mil.
5344320	5346320	E você, Fernando, eu fico seis meses
5346320	5348320	sem receber.
5348320	5350320	Tem que valer a pena, então a gente já bota
5350320	5352320	o muro, já embuta o preço do mês,
5352320	5354320	porque você vai ficar sem receber.
5354320	5356320	E é uma luta pra receber.
5356320	5358320	Quem empreende
5358320	5360320	no Brasil tem que ser mágico.
5360320	5362320	Mágico.
5362320	5364320	Mágico.
5364320	5366320	Não tem lógico não.
5366320	5368320	Tem hora que eu peio mesmo, olha pra mim e fala assim.
5368320	5370320	Eu não sou doido, mas eu não sou doido, eu me odeio.
5370320	5372320	Não, não.
5372320	5374320	Fala assim, como que eu cheguei
5374320	5376320	até aqui? Como eu tô sobrevivendo
5376320	5378320	até aqui com o PJ aberto ainda?
5380320	5382320	Rápido, ele corre, meu Deus.
5382320	5384320	Eu vou morar pra dormir?
5384320	5386320	Eu tô meio de fome escondo.
5386320	5388320	Eu tô mais fome do que fome.
5388320	5390320	Ricardo, só mais um detalhe
5390320	5392320	pra gente orar e terminar.
5392320	5394320	Esses nomes
5394320	5396320	eu coloquei aqui só pra compartilhar
5396320	5398320	com vocês, tá? Não precisa citar
5398320	5400320	os nomes na...
5400320	5402320	Tipo assim, ah, foi agendado
5402320	5404320	por dia cinco, pasto heraldo, por dia...
5404320	5406320	Porque senão nós vamos ter que ir atrás dos nomes desse cara,
5406320	5408320	porque tem que constar o nome completo, entendeu?
5408320	5410320	Aí não.
5410320	5412320	Aí coloca aqui
5412320	5414320	que foi tomado providência com relação à
5414320	5416320	formação de uma
5416320	5418320	agenda, né? Uma escala
5418320	5420320	que envolve.
5420320	5422320	Aí eu até coloquei no item cinco.
5422320	5424320	Os cultos, Escola Dominical,
5424320	5426320	orações, né?
5426320	5428320	É...
5428320	5430320	Liturgia,
5430320	5432320	Ministério de Louvor, então é esse tipo.
5432320	5434320	Não precisa falar quem
5434320	5436320	foi, nem que dia.
5436320	5438320	Não precisa falar quem vai fazer,
5438320	5440320	quem vai deixar de fazer, porque senão...
5440320	5442320	Certo?
5442320	5444320	Tá?
5446320	5448320	Meu Deus, eu quero te agradecer
5448320	5450320	pela vida preciosa dos meus
5450320	5452320	irmãos.
5452320	5454320	Fernando, Ricardo, Bruno,
5454320	5456320	quero te agradecer
5456320	5458320	por esses irmãos queridos, ó Deus.
5458320	5460320	Quero te agradecer
5460320	5462320	por esse conselho, te agradecer pela nova
5462320	5464320	vida.
5464320	5466320	Senhor, o Bruno abriu o
5466320	5468320	coração aqui hoje
5468320	5470320	e trouxe uma inquietação,
5470320	5472320	pai, que
5472320	5474320	também é minha.
5476320	5478320	Também é minha, porque nós
5478320	5480320	queremos ver o crescimento
5480320	5482320	da Igreja do Senhor. Nós queremos ver
5482320	5484320	o crescimento espiritual, queremos ver
5484320	5486320	teu povo crescendo na edificação,
5486320	5488320	no aperfeiçoamento.
5488320	5490320	Mas nós também queremos ver
5490320	5492320	o teu povo crescendo
5492320	5494320	na evangelização, no amor
5494320	5496320	pelos perdidos.
5496320	5498320	Nós queremos ver o teu povo
5498320	5500320	crescendo em número, Senhor.
5502320	5504320	Nós sabemos que o número pertence
5504320	5506320	à soberania do Senhor, porque quem
5506320	5508320	acrescenta o número dos que vão sendo
5508320	5510320	salvos é o Senhor.
5510320	5512320	Mas não deixamos de ter
5512320	5514320	uma inquietação, Senhor.
5516320	5518320	E pai, nos ajuda, nos ajuda
5520320	5522320	a achar o caminho
5524320	5526320	daquilo que, Senhor, daquilo
5526320	5528320	que o Senhor quer que façamos e ainda não
5528320	5530320	estamos fazendo.
5530320	5532320	E aquilo que o Senhor quer que sejamos
5532320	5534320	e ainda não estamos sendo,
5534320	5536320	nos ajuda, Senhor.
5536320	5538320	Porque nós também
5538320	5540320	queremos ver, ter a alegria
5540320	5542320	de ver a Igreja
5542320	5544320	também crescer em número.
5544320	5546320	No nome de Jesus, queremos ter
5546320	5548320	essa alegria, porque isso vai trazer muita alegria
5548320	5550320	no nosso coração.
5550320	5552320	E eu creio que agrada ao Senhor,
5552320	5554320	também. Nos conduza,
5554320	5556320	meu Deus, na Tua verdade, nos conduza
5556320	5558320	na Tua Palavra,
5558320	5560320	nos conduza, meu Deus, porque o Senhor colocou
5560320	5562320	a edificação dessa
5562320	5564320	Igreja, a nova vida,
5564320	5566320	o Senhor colocou nas nossas mãos.
5566320	5568320	Então nos ajuda, pai.
5568320	5570320	Por favor, nos ajuda.
5570320	5572320	Tem misericórdia de nós, porque sem o Senhor
5572320	5574320	nós nada podemos fazer.
5574320	5576320	Te adoramos por essa noite,
5576320	5578320	te agradecemos por essa reunião
5578320	5580320	e oramos em nome de Jesus.
5580320	5582320	Amém.
5582320	5584320	E a reunião acaba
5584320	5586320	às 22h07.
